cliente_id,timestamp,consumo,unidad,medidor_id
CLI-001,2026-05-01 00:00:00,75.99,kWh,MTR-001
CLI-002,2026-05-01 00:00:00,594.25,kWh,MTR-002
CLI-003,2026-05-01 00:00:00,349.46,kWh,MTR-003
CLI-001,2026-05-01 01:00:00,82.3,kWh,MTR-001
CLI-002,2026-05-01 01:00:00,604.53,kWh,MTR-002
CLI-003,2026-05-01 01:00:00,328.75,kWh,MTR-003
CLI-001,2026-05-01 02:00:00,60.66,kWh,MTR-001
CLI-002,2026-05-01 02:00:00,620.49,kWh,MTR-002
CLI-003,2026-05-01 02:00:00,328.82,kWh,MTR-003
CLI-001,2026-05-01 03:00:00,,kWh,MTR-001
CLI-002,2026-05-01 03:00:00,631.41,kWh,MTR-002
CLI-003,2026-05-01 03:00:00,333.61,kWh,MTR-003
CLI-001,2026-05-01 04:00:00,83.93,kWh,MTR-001
CLI-002,2026-05-01 04:00:00,581.49,kWh,MTR-002
CLI-003,2026-05-01 04:00:00,353.9,kWh,MTR-003
CLI-001,2026-05-01 05:00:00,80.18,kWh,MTR-001
CLI-002,2026-05-01 05:00:00,612.54,kWh,MTR-002
CLI-003,2026-05-01 05:00:00,335.14,kWh,MTR-003
CLI-001,2026-05-01 06:00:00,606.35,kWh,MTR-001
CLI-002,2026-05-01 06:00:00,635.32,kWh,MTR-002
CLI-003,2026-05-01 06:00:00,348.18,kWh,MTR-003
CLI-001,2026-05-01 07:00:00,558.23,kWh,MTR-001
CLI-002,2026-05-01 07:00:00,519.62,kWh,MTR-002
CLI-003,2026-05-01 07:00:00,465.19,kWh,MTR-003
CLI-001,2026-05-01 08:00:00,509.61,kWh,MTR-001
CLI-002,2026-05-01 08:00:00,435.8,kWh,MTR-002
CLI-003,2026-05-01 08:00:00,464.5,kWh,MTR-003
CLI-001,2026-05-01 09:00:00,493.07,kWh,MTR-001
CLI-002,2026-05-01 09:00:00,444.89,kWh,MTR-002
CLI-003,2026-05-01 09:00:00,487.67,kWh,MTR-003
CLI-001,2026-05-01 10:00:00,498.32,kWh,MTR-001
CLI-002,2026-05-01 10:00:00,389.65,kWh,MTR-002
CLI-003,2026-05-01 10:00:00,499.01,kWh,MTR-003
CLI-001,2026-05-01 11:00:00,532.44,kWh,MTR-001
CLI-002,2026-05-01 11:00:00,386.61,kWh,MTR-002
CLI-003,2026-05-01 11:00:00,461.71,kWh,MTR-003
CLI-001,2026-05-01 12:00:00,526.77,kWh,MTR-001
CLI-002,2026-05-01 12:00:00,-112.09,kWh,MTR-002
CLI-003,2026-05-01 12:00:00,440.05,kWh,MTR-003
CLI-001,2026-05-01 13:00:00,530.2,kWh,MTR-001
CLI-002,2026-05-01 13:00:00,395.68,kWh,MTR-002
CLI-003,2026-05-01 13:00:00,490.72,kWh,MTR-003
CLI-001,2026-05-01 14:00:00,548.86,kWh,MTR-001
CLI-002,2026-05-01 14:00:00,377.15,kWh,MTR-002
CLI-003,2026-05-01 14:00:00,464.9,kWh,MTR-003
CLI-001,2026-05-01 15:00:00,514.78,kWh,MTR-001
CLI-002,2026-05-01 15:00:00,423.38,kWh,MTR-002
CLI-003,2026-05-01 15:00:00,460.38,kWh,MTR-003
CLI-001,2026-05-01 16:00:00,549.64,kWh,MTR-001
CLI-002,2026-05-01 16:00:00,480.52,kWh,MTR-002
CLI-003,2026-05-01 16:00:00,481.68,kWh,MTR-003
CLI-001,2026-05-01 17:00:00,29364.55,kWh,MTR-001
CLI-002,2026-05-01 17:00:00,494.86,kWh,MTR-002
CLI-003,2026-05-01 17:00:00,477.49,kWh,MTR-003
CLI-001,2026-05-01 18:00:00,550.24,kWh,MTR-001
CLI-002,2026-05-01 18:00:00,581.0,kWh,MTR-002
CLI-003,2026-05-01 18:00:00,460.59,kWh,MTR-003
CLI-001,2026-05-01 19:00:00,490.27,kWh,MTR-001
CLI-002,2026-05-01 19:00:00,613.49,kWh,MTR-002
CLI-003,2026-05-01 19:00:00,354.9,kWh,MTR-003
CLI-001,2026-05-01 20:00:00,496.94,kWh,MTR-001
CLI-002,2026-05-01 20:00:00,626.1,kWh,MTR-002
CLI-003,2026-05-01 20:00:00,332.47,kWh,MTR-003
CLI-001,2026-05-01 21:00:00,531.99,kWh,MTR-001
CLI-002,2026-05-01 21:00:00,611.23,kWh,MTR-002
CLI-003,2026-05-01 21:00:00,328.99,kWh,MTR-003
CLI-001,2026-05-01 22:00:00,74.71,kWh,MTR-001
CLI-002,2026-05-01 22:00:00,590.42,kWh,MTR-002
CLI-003,2026-05-01 22:00:00,345.24,kWh,MTR-003
CLI-001,2026-05-01 23:00:00,82.64,kWh,MTR-001
CLI-002,2026-05-01 23:00:00,579.96,kWh,MTR-002
CLI-003,2026-05-01 23:00:00,346.76,kWh,MTR-003
CLI-001,2026-05-02 00:00:00,63.31,kWh,MTR-001
CLI-002,2026-05-02 00:00:00,614.97,kWh,MTR-002
CLI-003,2026-05-02 00:00:00,351.38,kWh,MTR-003
CLI-001,2026-05-02 01:00:00,64.76,kWh,MTR-001
CLI-002,2026-05-02 01:00:00,605.17,kWh,MTR-002
CLI-003,2026-05-02 01:00:00,338.68,kWh,MTR-003
CLI-001,2026-05-02 02:00:00,76.83,kWh,MTR-001
CLI-002,2026-05-02 02:00:00,581.89,kWh,MTR-002
CLI-003,2026-05-02 02:00:00,333.57,kWh,MTR-003
CLI-001,2026-05-02 03:00:00,66.22,kWh,MTR-001
CLI-002,2026-05-02 03:00:00,606.4,kWh,MTR-002
CLI-003,2026-05-02 03:00:00,331.14,kWh,MTR-003
CLI-001,2026-05-02 04:00:00,83.08,kWh,MTR-001
CLI-002,2026-05-02 04:00:00,635.29,kWh,MTR-002
CLI-003,2026-05-02 04:00:00,-139.89,kWh,MTR-003
CLI-001,2026-05-02 05:00:00,84.22,kWh,MTR-001
CLI-002,2026-05-02 05:00:00,634.41,kWh,MTR-002
CLI-003,2026-05-02 05:00:00,339.43,kWh,MTR-003
CLI-001,2026-05-02 06:00:00,572.08,kWh,MTR-001
CLI-002,2026-05-02 06:00:00,601.53,kWh,MTR-002
CLI-003,2026-05-02 06:00:00,330.61,kWh,MTR-003
CLI-001,2026-05-02 07:00:00,576.4,kWh,MTR-001
CLI-002,2026-05-02 07:00:00,558.55,kWh,MTR-002
CLI-003,2026-05-02 07:00:00,348.74,kWh,MTR-003
CLI-001,2026-05-02 08:00:00,503.74,kWh,MTR-001
CLI-002,2026-05-02 08:00:00,480.14,kWh,MTR-002
CLI-003,2026-05-02 08:00:00,322.29,kWh,MTR-003
CLI-001,2026-05-02 09:00:00,520.23,kWh,MTR-001
CLI-002,2026-05-02 09:00:00,360.79,kWh,MTR-002
CLI-003,2026-05-02 09:00:00,327.43,kWh,MTR-003
CLI-001,2026-05-02 10:00:00,534.02,kWh,MTR-001
CLI-002,2026-05-02 10:00:00,314.5,kWh,MTR-002
CLI-003,2026-05-02 10:00:00,343.78,kWh,MTR-003
CLI-001,2026-05-02 11:00:00,513.54,kWh,MTR-001
CLI-002,2026-05-02 11:00:00,306.79,kWh,MTR-002
CLI-003,2026-05-02 11:00:00,348.65,kWh,MTR-003
CLI-001,2026-05-02 12:00:00,511.66,kWh,MTR-001
CLI-002,2026-05-02 12:00:00,350.96,kWh,MTR-002
CLI-003,2026-05-02 12:00:00,322.9,kWh,MTR-003
CLI-001,2026-05-02 13:00:00,559.88,kWh,MTR-001
CLI-001,2026-05-02 13:00:00,550.32,kWh,MTR-001
CLI-002,2026-05-02 13:00:00,358.84,kWh,MTR-002
CLI-003,2026-05-02 13:00:00,355.23,kWh,MTR-003
CLI-001,2026-05-02 14:00:00,509.56,kWh,MTR-001
CLI-002,2026-05-02 14:00:00,382.9,kWh,MTR-002
CLI-003,2026-05-02 14:00:00,359.49,kWh,MTR-003
CLI-001,2026-05-02 15:00:00,480.63,kWh,MTR-001
CLI-002,2026-05-02 15:00:00,394.7,kWh,MTR-002
CLI-003,2026-05-02 15:00:00,325.37,kWh,MTR-003
CLI-001,2026-05-02 16:00:00,488.56,kWh,MTR-001
CLI-002,2026-05-02 16:00:00,455.09,kWh,MTR-002
CLI-003,2026-05-02 16:00:00,328.14,kWh,MTR-003
CLI-001,2026-05-02 17:00:00,501.12,kWh,MTR-001
CLI-002,2026-05-02 17:00:00,559.32,kWh,MTR-002
CLI-003,2026-05-02 17:00:00,336.94,kWh,MTR-003
CLI-001,2026-05-02 18:00:00,480.28,kWh,MTR-001
CLI-002,2026-05-02 18:00:00,619.6,kWh,MTR-002
CLI-003,2026-05-02 18:00:00,349.65,kWh,MTR-003
CLI-001,2026-05-02 19:00:00,,kWh,MTR-001
CLI-002,2026-05-02 19:00:00,580.27,kWh,MTR-002
CLI-003,2026-05-02 19:00:00,356.16,kWh,MTR-003
CLI-001,2026-05-02 20:00:00,546.77,kWh,MTR-001
CLI-002,2026-05-02 20:00:00,585.37,kWh,MTR-002
CLI-003,2026-05-02 20:00:00,332.33,kWh,MTR-003
CLI-001,2026-05-02 21:00:00,543.69,kWh,MTR-001
CLI-002,2026-05-02 21:00:00,637.92,kWh,MTR-002
CLI-003,2026-05-02 21:00:00,329.98,kWh,MTR-003
CLI-001,2026-05-02 22:00:00,79.5,kWh,MTR-001
CLI-002,2026-05-02 22:00:00,603.45,kWh,MTR-002
CLI-003,2026-05-02 22:00:00,326.18,kWh,MTR-003
CLI-001,2026-05-02 23:00:00,81.62,kWh,MTR-001
CLI-002,2026-05-02 23:00:00,631.75,kWh,MTR-002
CLI-003,2026-05-02 23:00:00,320.99,kWh,MTR-003
CLI-001,2026-05-03 00:00:00,36.64,kWh,MTR-001
CLI-002,2026-05-03 00:00:00,631.16,kWh,MTR-002
CLI-003,2026-05-03 00:00:00,352.43,kWh,MTR-003
CLI-001,2026-05-03 01:00:00,45.75,kWh,MTR-001
CLI-002,2026-05-03 01:00:00,636.05,kWh,MTR-002
CLI-003,2026-05-03 01:00:00,328.9,kWh,MTR-003
CLI-001,2026-05-03 02:00:00,39.21,kWh,MTR-001
CLI-002,2026-05-03 02:00:00,630.67,kWh,MTR-002
CLI-003,2026-05-03 02:00:00,320.95,kWh,MTR-003
CLI-001,2026-05-03 03:00:00,36.57,kWh,MTR-001
CLI-002,2026-05-03 03:00:00,642.68,kWh,MTR-002
CLI-003,2026-05-03 03:00:00,345.66,kWh,MTR-003
CLI-001,2026-05-03 04:00:00,49.62,kWh,MTR-001
CLI-002,2026-05-03 04:00:00,640.75,kWh,MTR-002
CLI-003,2026-05-03 04:00:00,358.82,kWh,MTR-003
CLI-001,2026-05-03 05:00:00,49.25,kWh,MTR-001
CLI-002,2026-05-03 05:00:00,582.59,kWh,MTR-002
CLI-003,2026-05-03 05:00:00,349.14,kWh,MTR-003
CLI-001,2026-05-03 06:00:00,42.12,kWh,MTR-001
CLI-002,2026-05-03 06:00:00,601.96,kWh,MTR-002
CLI-003,2026-05-03 06:00:00,330.19,kWh,MTR-003
CLI-001,2026-05-03 07:00:00,30.03,kWh,MTR-001
CLI-002,2026-05-03 07:00:00,537.37,kWh,MTR-002
CLI-003,2026-05-03 07:00:00,346.83,kWh,MTR-003
CLI-001,2026-05-03 08:00:00,31.4,kWh,MTR-001
CLI-002,2026-05-03 08:00:00,475.72,kWh,MTR-002
CLI-003,2026-05-03 08:00:00,348.79,kWh,MTR-003
CLI-001,2026-05-03 09:00:00,36.19,kWh,MTR-001
CLI-002,2026-05-03 09:00:00,431.55,kWh,MTR-002
CLI-003,2026-05-03 09:00:00,336.82,kWh,MTR-003
CLI-001,2026-05-03 10:00:00,43.55,kWh,MTR-001
CLI-002,2026-05-03 10:00:00,407.37,kWh,MTR-002
CLI-003,2026-05-03 10:00:00,320.02,kWh,MTR-003
CLI-001,2026-05-03 11:00:00,38.6,kWh,MTR-001
CLI-002,2026-05-03 11:00:00,367.75,kWh,MTR-002
CLI-003,2026-05-03 11:00:00,328.55,kWh,MTR-003
CLI-001,2026-05-03 12:00:00,48.02,kWh,MTR-001
CLI-002,2026-05-03 12:00:00,368.21,kWh,MTR-002
CLI-003,2026-05-03 12:00:00,345.32,kWh,MTR-003
CLI-001,2026-05-03 13:00:00,46.37,kWh,MTR-001
CLI-002,2026-05-03 13:00:00,395.48,kWh,MTR-002
CLI-003,2026-05-03 13:00:00,320.98,kWh,MTR-003
CLI-001,2026-05-03 14:00:00,39.5,kWh,MTR-001
CLI-002,2026-05-03 14:00:00,358.18,kWh,MTR-002
CLI-003,2026-05-03 14:00:00,327.78,kWh,MTR-003
CLI-001,2026-05-03 15:00:00,39.89,kWh,MTR-001
CLI-002,2026-05-03 15:00:00,472.69,kWh,MTR-002
CLI-003,2026-05-03 15:00:00,350.8,kWh,MTR-003
CLI-001,2026-05-03 16:00:00,38.5,kWh,MTR-001
CLI-002,2026-05-03 16:00:00,508.03,kWh,MTR-002
CLI-003,2026-05-03 16:00:00,329.97,kWh,MTR-003
CLI-001,2026-05-03 17:00:00,39.13,kWh,MTR-001
CLI-002,2026-05-03 17:00:00,538.49,kWh,MTR-002
CLI-003,2026-05-03 17:00:00,358.0,kWh,MTR-003
CLI-001,2026-05-03 18:00:00,42.25,kWh,MTR-001
CLI-002,2026-05-03 18:00:00,610.33,kWh,MTR-002
CLI-003,2026-05-03 18:00:00,341.91,kWh,MTR-003
CLI-001,2026-05-03 19:00:00,44.87,kWh,MTR-001
CLI-002,2026-05-03 19:00:00,593.14,kWh,MTR-002
CLI-003,2026-05-03 19:00:00,345.51,kWh,MTR-003
CLI-001,2026-05-03 20:00:00,40.43,kWh,MTR-001
CLI-002,2026-05-03 20:00:00,594.22,kWh,MTR-002
CLI-003,2026-05-03 20:00:00,331.43,kWh,MTR-003
CLI-001,2026-05-03 21:00:00,36.39,kWh,MTR-001
CLI-002,2026-05-03 21:00:00,584.69,kWh,MTR-002
CLI-003,2026-05-03 21:00:00,347.76,kWh,MTR-003
CLI-001,2026-05-03 22:00:00,31.28,kWh,MTR-001
CLI-002,2026-05-03 22:00:00,612.98,kWh,MTR-002
CLI-003,2026-05-03 22:00:00,328.27,kWh,MTR-003
CLI-001,2026-05-03 23:00:00,48.1,kWh,MTR-001
CLI-002,2026-05-03 23:00:00,623.69,kWh,MTR-002
CLI-003,2026-05-03 23:00:00,350.62,kWh,MTR-003
CLI-001,2026-05-04 00:00:00,60.15,kWh,MTR-001
CLI-002,2026-05-04 00:00:00,627.74,kWh,MTR-002
CLI-003,2026-05-04 00:00:00,358.14,kWh,MTR-003
CLI-001,2026-05-04 01:00:00,78.69,kWh,MTR-001
CLI-002,2026-05-04 01:00:00,617.23,kWh,MTR-002
CLI-003,2026-05-04 01:00:00,328.78,kWh,MTR-003
CLI-001,2026-05-04 02:00:00,60.73,kWh,MTR-001
CLI-002,2026-05-04 02:00:00,622.54,kWh,MTR-002
CLI-003,2026-05-04 02:00:00,326.6,kWh,MTR-003
CLI-001,2026-05-04 03:00:00,63.19,kWh,MTR-001
CLI-002,2026-05-04 03:00:00,576.89,kWh,MTR-002
CLI-003,2026-05-04 03:00:00,342.58,kWh,MTR-003
CLI-001,2026-05-04 04:00:00,76.07,kWh,MTR-001
CLI-002,2026-05-04 04:00:00,607.32,kWh,MTR-002
CLI-003,2026-05-04 04:00:00,335.16,kWh,MTR-003
CLI-001,2026-05-04 05:00:00,68.17,kWh,MTR-001
CLI-002,2026-05-04 05:00:00,601.54,kWh,MTR-002
CLI-003,2026-05-04 05:00:00,353.28,kWh,MTR-003
CLI-001,2026-05-04 06:00:00,546.55,kWh,MTR-001
CLI-002,2026-05-04 06:00:00,-147.05,kWh,MTR-002
CLI-003,2026-05-04 06:00:00,346.01,kWh,MTR-003
CLI-001,2026-05-04 07:00:00,592.14,kWh,MTR-001
CLI-002,2026-05-04 07:00:00,581.5,kWh,MTR-002
CLI-003,2026-05-04 07:00:00,444.88,kWh,MTR-003
CLI-001,2026-05-04 08:00:00,525.12,kWh,MTR-001
CLI-002,2026-05-04 08:00:00,475.75,kWh,MTR-002
CLI-003,2026-05-04 08:00:00,481.73,kWh,MTR-003
CLI-001,2026-05-04 09:00:00,545.54,kWh,MTR-001
CLI-002,2026-05-04 09:00:00,432.71,kWh,MTR-002
CLI-003,2026-05-04 09:00:00,490.84,kWh,MTR-003
CLI-001,2026-05-04 10:00:00,537.2,kWh,MTR-001
CLI-002,2026-05-04 10:00:00,380.42,kWh,MTR-002
CLI-003,2026-05-04 10:00:00,491.41,kWh,MTR-003
CLI-001,2026-05-04 11:00:00,489.68,kWh,MTR-001
CLI-002,2026-05-04 11:00:00,389.67,kWh,MTR-002
CLI-003,2026-05-04 11:00:00,465.0,kWh,MTR-003
CLI-001,2026-05-04 12:00:00,547.97,kWh,MTR-001
CLI-002,2026-05-04 12:00:00,263.86,kWh,MTR-002
CLI-003,2026-05-04 12:00:00,489.37,kWh,MTR-003
CLI-001,2026-05-04 13:00:00,538.7,kWh,MTR-001
CLI-002,2026-05-04 13:00:00,303.03,kWh,MTR-002
CLI-003,2026-05-04 13:00:00,467.41,kWh,MTR-003
CLI-001,2026-05-04 14:00:00,501.47,kWh,MTR-001
CLI-002,2026-05-04 14:00:00,443.6,kWh,MTR-002
CLI-003,2026-05-04 14:00:00,458.7,kWh,MTR-003
CLI-001,2026-05-04 15:00:00,510.32,kWh,MTR-001
CLI-002,2026-05-04 15:00:00,472.12,kWh,MTR-002
CLI-003,2026-05-04 15:00:00,477.12,kWh,MTR-003
CLI-001,2026-05-04 16:00:00,536.09,kWh,MTR-001
CLI-002,2026-05-04 16:00:00,417.17,kWh,MTR-002
CLI-003,2026-05-04 16:00:00,478.46,kWh,MTR-003
CLI-001,2026-05-04 17:00:00,535.25,kWh,MTR-001
CLI-002,2026-05-04 17:00:00,531.87,kWh,MTR-002
CLI-003,2026-05-04 17:00:00,464.62,kWh,MTR-003
CLI-001,2026-05-04 18:00:00,526.52,kWh,MTR-001
CLI-002,2026-05-04 18:00:00,612.16,kWh,MTR-002
CLI-003,2026-05-04 18:00:00,474.76,kWh,MTR-003
CLI-001,2026-05-04 19:00:00,501.67,kWh,MTR-001
CLI-002,2026-05-04 19:00:00,583.45,kWh,MTR-002
CLI-003,2026-05-04 19:00:00,324.78,kWh,MTR-003
CLI-001,2026-05-04 20:00:00,540.98,kWh,MTR-001
CLI-002,2026-05-04 20:00:00,590.15,kWh,MTR-002
CLI-003,2026-05-04 20:00:00,348.98,kWh,MTR-003
CLI-001,2026-05-04 21:00:00,521.97,kWh,MTR-001
CLI-002,2026-05-04 21:00:00,582.04,kWh,MTR-002
CLI-003,2026-05-04 21:00:00,329.1,kWh,MTR-003
CLI-001,2026-05-04 22:00:00,60.35,kWh,MTR-001
CLI-002,2026-05-04 22:00:00,594.2,kWh,MTR-002
CLI-003,2026-05-04 22:00:00,342.13,kWh,MTR-003
CLI-001,2026-05-04 23:00:00,63.16,kWh,MTR-001
CLI-002,2026-05-04 23:00:00,609.36,kWh,MTR-002
CLI-003,2026-05-04 23:00:00,342.96,kWh,MTR-003
CLI-001,2026-05-05 00:00:00,71.01,kWh,MTR-001
CLI-002,2026-05-05 00:00:00,578.6,kWh,MTR-002
CLI-003,2026-05-05 00:00:00,339.11,kWh,MTR-003
CLI-001,2026-05-05 01:00:00,70.02,kWh,MTR-001
CLI-002,2026-05-05 01:00:00,619.06,kWh,MTR-002
CLI-003,2026-05-05 01:00:00,325.97,kWh,MTR-003
CLI-001,2026-05-05 02:00:00,67.6,kWh,MTR-001
CLI-002,2026-05-05 02:00:00,583.29,kWh,MTR-002
CLI-003,2026-05-05 02:00:00,344.25,kWh,MTR-003
CLI-001,2026-05-05 03:00:00,65.64,kWh,MTR-001
CLI-002,2026-05-05 03:00:00,606.54,kWh,MTR-002
CLI-003,2026-05-05 03:00:00,354.41,kWh,MTR-003
CLI-001,2026-05-05 04:00:00,67.63,kWh,MTR-001
CLI-002,2026-05-05 04:00:00,617.67,kWh,MTR-002
CLI-003,2026-05-05 04:00:00,357.9,kWh,MTR-003
CLI-001,2026-05-05 05:00:00,65.28,kWh,MTR-001
CLI-002,2026-05-05 05:00:00,585.99,kWh,MTR-002
CLI-003,2026-05-05 05:00:00,20195.8,kWh,MTR-003
CLI-003,2026-05-05 05:00:00,20195.8,kWh,MTR-003
CLI-001,2026-05-05 06:00:00,587.5,kWh,MTR-001
CLI-002,2026-05-05 06:00:00,591.2,kWh,MTR-002
CLI-003,2026-05-05 06:00:00,348.12,kWh,MTR-003
CLI-001,2026-05-05 07:00:00,594.99,kWh,MTR-001
CLI-002,2026-05-05 07:00:00,557.61,kWh,MTR-002
CLI-003,2026-05-05 07:00:00,485.1,kWh,MTR-003
CLI-001,2026-05-05 08:00:00,531.81,kWh,MTR-001
CLI-002,2026-05-05 08:00:00,524.29,kWh,MTR-002
CLI-003,2026-05-05 08:00:00,469.77,kWh,MTR-003
CLI-001,2026-05-05 09:00:00,503.09,kWh,MTR-001
CLI-002,2026-05-05 09:00:00,419.02,kWh,MTR-002
CLI-003,2026-05-05 09:00:00,469.83,kWh,MTR-003
CLI-001,2026-05-05 10:00:00,483.19,kWh,MTR-001
CLI-002,2026-05-05 10:00:00,391.85,kWh,MTR-002
CLI-003,2026-05-05 10:00:00,498.56,kWh,MTR-003
CLI-001,2026-05-05 11:00:00,-205.14,kWh,MTR-001
CLI-002,2026-05-05 11:00:00,387.56,kWh,MTR-002
CLI-003,2026-05-05 11:00:00,473.37,kWh,MTR-003
CLI-001,2026-05-05 12:00:00,494.52,kWh,MTR-001
CLI-002,2026-05-05 12:00:00,354.38,kWh,MTR-002
CLI-003,2026-05-05 12:00:00,458.92,kWh,MTR-003
CLI-001,2026-05-05 13:00:00,548.62,kWh,MTR-001
CLI-002,2026-05-05 13:00:00,389.94,kWh,MTR-002
CLI-003,2026-05-05 13:00:00,484.05,kWh,MTR-003
CLI-001,2026-05-05 14:00:00,505.16,kWh,MTR-001
CLI-002,2026-05-05 14:00:00,422.01,kWh,MTR-002
CLI-003,2026-05-05 14:00:00,494.25,kWh,MTR-003
CLI-001,2026-05-05 15:00:00,513.06,kWh,MTR-001
CLI-002,2026-05-05 15:00:00,391.56,kWh,MTR-002
CLI-003,2026-05-05 15:00:00,471.51,kWh,MTR-003
CLI-001,2026-05-05 16:00:00,554.21,kWh,MTR-001
CLI-002,2026-05-05 16:00:00,512.46,kWh,MTR-002
CLI-003,2026-05-05 16:00:00,466.53,kWh,MTR-003
CLI-001,2026-05-05 17:00:00,524.07,kWh,MTR-001
CLI-002,2026-05-05 17:00:00,498.15,kWh,MTR-002
CLI-003,2026-05-05 17:00:00,456.98,kWh,MTR-003
CLI-001,2026-05-05 18:00:00,519.87,kWh,MTR-001
CLI-002,2026-05-05 18:00:00,610.62,kWh,MTR-002
CLI-003,2026-05-05 18:00:00,497.8,kWh,MTR-003
CLI-001,2026-05-05 19:00:00,524.1,kWh,MTR-001
CLI-002,2026-05-05 19:00:00,639.53,kWh,MTR-002
CLI-003,2026-05-05 19:00:00,355.17,kWh,MTR-003
CLI-001,2026-05-05 20:00:00,502.1,kWh,MTR-001
CLI-002,2026-05-05 20:00:00,604.05,kWh,MTR-002
CLI-003,2026-05-05 20:00:00,340.31,kWh,MTR-003
CLI-001,2026-05-05 21:00:00,502.63,kWh,MTR-001
CLI-002,2026-05-05 21:00:00,-182.27,kWh,MTR-002
CLI-003,2026-05-05 21:00:00,325.94,kWh,MTR-003
CLI-001,2026-05-05 22:00:00,68.63,kWh,MTR-001
CLI-002,2026-05-05 22:00:00,613.04,kWh,MTR-002
CLI-003,2026-05-05 22:00:00,332.87,kWh,MTR-003
CLI-001,2026-05-05 23:00:00,77.44,kWh,MTR-001
CLI-002,2026-05-05 23:00:00,591.35,kWh,MTR-002
CLI-003,2026-05-05 23:00:00,321.75,kWh,MTR-003
CLI-001,2026-05-06 00:00:00,77.63,kWh,MTR-001
CLI-002,2026-05-06 00:00:00,602.03,kWh,MTR-002
CLI-003,2026-05-06 00:00:00,352.83,kWh,MTR-003
CLI-001,2026-05-06 01:00:00,72.38,kWh,MTR-001
CLI-002,2026-05-06 01:00:00,610.16,kWh,MTR-002
CLI-003,2026-05-06 01:00:00,354.79,kWh,MTR-003
CLI-001,2026-05-06 02:00:00,71.01,kWh,MTR-001
CLI-002,2026-05-06 02:00:00,606.98,kWh,MTR-002
CLI-003,2026-05-06 02:00:00,336.4,kWh,MTR-003
CLI-001,2026-05-06 03:00:00,63.86,kWh,MTR-001
CLI-002,2026-05-06 03:00:00,642.84,kWh,MTR-002
CLI-003,2026-05-06 03:00:00,347.71,kWh,MTR-003
CLI-001,2026-05-06 04:00:00,81.29,kWh,MTR-001
CLI-002,2026-05-06 04:00:00,635.15,kWh,MTR-002
CLI-003,2026-05-06 04:00:00,332.67,kWh,MTR-003
CLI-001,2026-05-06 05:00:00,78.99,kWh,MTR-001
CLI-002,2026-05-06 05:00:00,577.51,kWh,MTR-002
CLI-003,2026-05-06 05:00:00,345.25,kWh,MTR-003
CLI-001,2026-05-06 06:00:00,619.79,kWh,MTR-001
CLI-002,2026-05-06 06:00:00,605.38,kWh,MTR-002
CLI-003,2026-05-06 06:00:00,345.35,kWh,MTR-003
CLI-001,2026-05-06 07:00:00,575.49,kWh,MTR-001
CLI-002,2026-05-06 07:00:00,582.79,kWh,MTR-002
CLI-003,2026-05-06 07:00:00,457.98,kWh,MTR-003
CLI-001,2026-05-06 08:00:00,522.49,kWh,MTR-001
CLI-002,2026-05-06 08:00:00,516.29,kWh,MTR-002
CLI-003,2026-05-06 08:00:00,488.42,kWh,MTR-003
CLI-001,2026-05-06 09:00:00,553.03,kWh,MTR-001
CLI-002,2026-05-06 09:00:00,439.02,kWh,MTR-002
CLI-003,2026-05-06 09:00:00,459.51,kWh,MTR-003
CLI-001,2026-05-06 10:00:00,534.21,kWh,MTR-001
CLI-002,2026-05-06 10:00:00,390.81,kWh,MTR-002
CLI-003,2026-05-06 10:00:00,473.29,kWh,MTR-003
CLI-001,2026-05-06 11:00:00,547.62,kWh,MTR-001
CLI-002,2026-05-06 11:00:00,346.84,kWh,MTR-002
CLI-003,2026-05-06 11:00:00,475.12,kWh,MTR-003
CLI-001,2026-05-06 12:00:00,503.62,kWh,MTR-001
CLI-002,2026-05-06 12:00:00,380.79,kWh,MTR-002
CLI-003,2026-05-06 12:00:00,484.77,kWh,MTR-003
CLI-001,2026-05-06 13:00:00,528.51,kWh,MTR-001
CLI-002,2026-05-06 13:00:00,404.9,kWh,MTR-002
CLI-003,2026-05-06 13:00:00,469.85,kWh,MTR-003
CLI-001,2026-05-06 14:00:00,529.67,kWh,MTR-001
CLI-002,2026-05-06 14:00:00,379.39,kWh,MTR-002
CLI-003,2026-05-06 14:00:00,487.23,kWh,MTR-003
CLI-001,2026-05-06 15:00:00,504.71,kWh,MTR-001
CLI-002,2026-05-06 15:00:00,408.75,kWh,MTR-002
CLI-003,2026-05-06 15:00:00,469.23,kWh,MTR-003
CLI-001,2026-05-06 16:00:00,490.57,kWh,MTR-001
CLI-002,2026-05-06 16:00:00,508.25,kWh,MTR-002
CLI-003,2026-05-06 16:00:00,475.93,kWh,MTR-003
CLI-001,2026-05-06 17:00:00,518.55,kWh,MTR-001
CLI-002,2026-05-06 17:00:00,563.17,kWh,MTR-002
CLI-003,2026-05-06 17:00:00,477.74,kWh,MTR-003
CLI-001,2026-05-06 18:00:00,548.81,kWh,MTR-001
CLI-002,2026-05-06 18:00:00,643.6,kWh,MTR-002
CLI-003,2026-05-06 18:00:00,478.16,kWh,MTR-003
CLI-001,2026-05-06 19:00:00,481.11,kWh,MTR-001
CLI-002,2026-05-06 19:00:00,606.84,kWh,MTR-002
CLI-003,2026-05-06 19:00:00,346.89,kWh,MTR-003
CLI-001,2026-05-06 20:00:00,545.79,kWh,MTR-001
CLI-002,2026-05-06 20:00:00,582.58,kWh,MTR-002
CLI-003,2026-05-06 20:00:00,321.0,kWh,MTR-003
CLI-001,2026-05-06 21:00:00,524.91,kWh,MTR-001
CLI-002,2026-05-06 21:00:00,590.5,kWh,MTR-002
CLI-003,2026-05-06 21:00:00,352.95,kWh,MTR-003
CLI-001,2026-05-06 22:00:00,67.55,kWh,MTR-001
CLI-002,2026-05-06 22:00:00,584.78,kWh,MTR-002
CLI-003,2026-05-06 22:00:00,332.17,kWh,MTR-003
CLI-001,2026-05-06 23:00:00,62.43,kWh,MTR-001
CLI-002,2026-05-06 23:00:00,584.5,kWh,MTR-002
CLI-003,2026-05-06 23:00:00,346.82,kWh,MTR-003
CLI-001,2026-05-07 00:00:00,83.65,kWh,MTR-001
CLI-002,2026-05-07 00:00:00,626.96,kWh,MTR-002
CLI-003,2026-05-07 00:00:00,336.6,kWh,MTR-003
CLI-001,2026-05-07 01:00:00,72.23,kWh,MTR-001
CLI-002,2026-05-07 01:00:00,641.61,kWh,MTR-002
CLI-003,2026-05-07 01:00:00,334.82,kWh,MTR-003
CLI-001,2026-05-07 02:00:00,83.76,kWh,MTR-001
CLI-002,2026-05-07 02:00:00,581.95,kWh,MTR-002
CLI-003,2026-05-07 02:00:00,341.78,kWh,MTR-003
CLI-001,2026-05-07 03:00:00,68.97,kWh,MTR-001
CLI-002,2026-05-07 03:00:00,588.29,kWh,MTR-002
CLI-003,2026-05-07 03:00:00,353.92,kWh,MTR-003
CLI-001,2026-05-07 04:00:00,76.57,kWh,MTR-001
CLI-002,2026-05-07 04:00:00,616.8,kWh,MTR-002
CLI-003,2026-05-07 04:00:00,351.47,kWh,MTR-003
CLI-001,2026-05-07 05:00:00,63.15,kWh,MTR-001
CLI-002,2026-05-07 05:00:00,579.8,kWh,MTR-002
CLI-003,2026-05-07 05:00:00,328.29,kWh,MTR-003
CLI-001,2026-05-07 06:00:00,609.58,kWh,MTR-001
CLI-002,2026-05-07 06:00:00,585.33,kWh,MTR-002
CLI-003,2026-05-07 06:00:00,320.11,kWh,MTR-003
CLI-001,2026-05-07 07:00:00,551.58,kWh,MTR-001
CLI-002,2026-05-07 07:00:00,533.3,kWh,MTR-002
CLI-003,2026-05-07 07:00:00,436.48,kWh,MTR-003
CLI-001,2026-05-07 08:00:00,499.03,kWh,MTR-001
CLI-002,2026-05-07 08:00:00,479.71,kWh,MTR-002
CLI-003,2026-05-07 08:00:00,478.41,kWh,MTR-003
CLI-001,2026-05-07 09:00:00,542.24,kWh,MTR-001
CLI-002,2026-05-07 09:00:00,394.23,kWh,MTR-002
CLI-003,2026-05-07 09:00:00,460.23,kWh,MTR-003
CLI-001,2026-05-07 10:00:00,521.72,kWh,MTR-001
CLI-002,2026-05-07 10:00:00,455.48,kWh,MTR-002
CLI-003,2026-05-07 10:00:00,471.65,kWh,MTR-003
CLI-001,2026-05-07 11:00:00,552.78,kWh,MTR-001
CLI-002,2026-05-07 11:00:00,311.79,kWh,MTR-002
CLI-003,2026-05-07 11:00:00,464.99,kWh,MTR-003
CLI-001,2026-05-07 12:00:00,506.01,kWh,MTR-001
CLI-002,2026-05-07 12:00:00,351.42,kWh,MTR-002
CLI-003,2026-05-07 12:00:00,460.02,kWh,MTR-003
CLI-001,2026-05-07 13:00:00,532.07,kWh,MTR-001
CLI-002,2026-05-07 13:00:00,399.9,kWh,MTR-002
CLI-003,2026-05-07 13:00:00,454.31,kWh,MTR-003
CLI-001,2026-05-07 14:00:00,513.28,kWh,MTR-001
CLI-002,2026-05-07 14:00:00,358.21,kWh,MTR-002
CLI-003,2026-05-07 14:00:00,468.8,kWh,MTR-003
CLI-001,2026-05-07 15:00:00,546.54,kWh,MTR-001
CLI-002,2026-05-07 15:00:00,374.42,kWh,MTR-002
CLI-003,2026-05-07 15:00:00,474.85,kWh,MTR-003
CLI-001,2026-05-07 16:00:00,506.37,kWh,MTR-001
CLI-002,2026-05-07 16:00:00,457.33,kWh,MTR-002
CLI-003,2026-05-07 16:00:00,491.36,kWh,MTR-003
CLI-001,2026-05-07 17:00:00,528.03,kWh,MTR-001
CLI-002,2026-05-07 17:00:00,555.08,kWh,MTR-002
CLI-003,2026-05-07 17:00:00,447.22,kWh,MTR-003
CLI-001,2026-05-07 18:00:00,509.4,kWh,MTR-001
CLI-002,2026-05-07 18:00:00,615.19,kWh,MTR-002
CLI-003,2026-05-07 18:00:00,498.04,kWh,MTR-003
CLI-001,2026-05-07 19:00:00,529.09,kWh,MTR-001
CLI-002,2026-05-07 19:00:00,576.84,kWh,MTR-002
CLI-003,2026-05-07 19:00:00,353.18,kWh,MTR-003
CLI-001,2026-05-07 20:00:00,494.43,kWh,MTR-001
CLI-002,2026-05-07 20:00:00,596.63,kWh,MTR-002
CLI-003,2026-05-07 20:00:00,320.24,kWh,MTR-003
CLI-001,2026-05-07 21:00:00,525.31,kWh,MTR-001
CLI-002,2026-05-07 21:00:00,584.93,kWh,MTR-002
CLI-003,2026-05-07 21:00:00,321.23,kWh,MTR-003
CLI-001,2026-05-07 22:00:00,65.38,kWh,MTR-001
CLI-002,2026-05-07 22:00:00,598.86,kWh,MTR-002
CLI-003,2026-05-07 22:00:00,348.86,kWh,MTR-003
CLI-001,2026-05-07 23:00:00,74.19,kWh,MTR-001
CLI-002,2026-05-07 23:00:00,578.68,kWh,MTR-002
CLI-003,2026-05-07 23:00:00,344.71,kWh,MTR-003
CLI-001,2026-05-08 00:00:00,66.8,kWh,MTR-001
CLI-002,2026-05-08 00:00:00,609.0,kWh,MTR-002
CLI-003,2026-05-08 00:00:00,330.93,kWh,MTR-003
CLI-001,2026-05-08 01:00:00,62.85,kWh,MTR-001
CLI-002,2026-05-08 01:00:00,594.83,kWh,MTR-002
CLI-003,2026-05-08 01:00:00,339.47,kWh,MTR-003
CLI-001,2026-05-08 02:00:00,61.14,kWh,MTR-001
CLI-002,2026-05-08 02:00:00,,kWh,MTR-002
CLI-003,2026-05-08 02:00:00,332.06,kWh,MTR-003
CLI-001,2026-05-08 03:00:00,63.43,kWh,MTR-001
CLI-002,2026-05-08 03:00:00,,kWh,MTR-002
CLI-003,2026-05-08 03:00:00,349.88,kWh,MTR-003
CLI-001,2026-05-08 04:00:00,69.51,kWh,MTR-001
CLI-002,2026-05-08 04:00:00,610.02,kWh,MTR-002
CLI-003,2026-05-08 04:00:00,352.25,kWh,MTR-003
CLI-001,2026-05-08 05:00:00,81.54,kWh,MTR-001
CLI-002,2026-05-08 05:00:00,576.31,kWh,MTR-002
CLI-003,2026-05-08 05:00:00,354.48,kWh,MTR-003
CLI-001,2026-05-08 06:00:00,585.87,kWh,MTR-001
CLI-002,2026-05-08 06:00:00,604.24,kWh,MTR-002
CLI-003,2026-05-08 06:00:00,320.83,kWh,MTR-003
CLI-001,2026-05-08 07:00:00,604.11,kWh,MTR-001
CLI-002,2026-05-08 07:00:00,552.01,kWh,MTR-002
CLI-003,2026-05-08 07:00:00,476.08,kWh,MTR-003
CLI-001,2026-05-08 08:00:00,521.92,kWh,MTR-001
CLI-002,2026-05-08 08:00:00,472.87,kWh,MTR-002
CLI-003,2026-05-08 08:00:00,457.04,kWh,MTR-003
CLI-001,2026-05-08 09:00:00,520.8,kWh,MTR-001
CLI-002,2026-05-08 09:00:00,393.04,kWh,MTR-002
CLI-003,2026-05-08 09:00:00,474.69,kWh,MTR-003
CLI-001,2026-05-08 10:00:00,495.78,kWh,MTR-001
CLI-002,2026-05-08 10:00:00,382.5,kWh,MTR-002
CLI-003,2026-05-08 10:00:00,480.74,kWh,MTR-003
CLI-001,2026-05-08 11:00:00,540.79,kWh,MTR-001
CLI-002,2026-05-08 11:00:00,375.65,kWh,MTR-002
CLI-003,2026-05-08 11:00:00,485.91,kWh,MTR-003
CLI-001,2026-05-08 12:00:00,492.08,kWh,MTR-001
CLI-002,2026-05-08 12:00:00,362.43,kWh,MTR-002
CLI-003,2026-05-08 12:00:00,452.47,kWh,MTR-003
CLI-001,2026-05-08 13:00:00,516.15,kWh,MTR-001
CLI-002,2026-05-08 13:00:00,422.89,kWh,MTR-002
CLI-003,2026-05-08 13:00:00,487.66,kWh,MTR-003
CLI-001,2026-05-08 14:00:00,517.02,kWh,MTR-001
CLI-002,2026-05-08 14:00:00,360.98,kWh,MTR-002
CLI-003,2026-05-08 14:00:00,486.95,kWh,MTR-003
CLI-001,2026-05-08 15:00:00,518.05,kWh,MTR-001
CLI-002,2026-05-08 15:00:00,423.2,kWh,MTR-002
CLI-003,2026-05-08 15:00:00,470.17,kWh,MTR-003
CLI-001,2026-05-08 16:00:00,493.8,kWh,MTR-001
CLI-002,2026-05-08 16:00:00,476.1,kWh,MTR-002
CLI-003,2026-05-08 16:00:00,452.54,kWh,MTR-003
CLI-001,2026-05-08 17:00:00,512.7,kWh,MTR-001
CLI-002,2026-05-08 17:00:00,539.47,kWh,MTR-002
CLI-003,2026-05-08 17:00:00,440.47,kWh,MTR-003
CLI-001,2026-05-08 18:00:00,502.73,kWh,MTR-001
CLI-002,2026-05-08 18:00:00,620.96,kWh,MTR-002
CLI-003,2026-05-08 18:00:00,479.93,kWh,MTR-003
CLI-001,2026-05-08 19:00:00,491.31,kWh,MTR-001
CLI-002,2026-05-08 19:00:00,642.74,kWh,MTR-002
CLI-003,2026-05-08 19:00:00,335.68,kWh,MTR-003
CLI-001,2026-05-08 20:00:00,555.04,kWh,MTR-001
CLI-002,2026-05-08 20:00:00,601.37,kWh,MTR-002
CLI-003,2026-05-08 20:00:00,352.53,kWh,MTR-003
CLI-001,2026-05-08 21:00:00,546.32,kWh,MTR-001
CLI-002,2026-05-08 21:00:00,622.98,kWh,MTR-002
CLI-003,2026-05-08 21:00:00,345.84,kWh,MTR-003
CLI-001,2026-05-08 22:00:00,69.05,kWh,MTR-001
CLI-002,2026-05-08 22:00:00,587.62,kWh,MTR-002
CLI-003,2026-05-08 22:00:00,357.91,kWh,MTR-003
CLI-001,2026-05-08 23:00:00,65.66,kWh,MTR-001
CLI-002,2026-05-08 23:00:00,580.4,kWh,MTR-002
CLI-003,2026-05-08 23:00:00,324.05,kWh,MTR-003
CLI-001,2026-05-09 00:00:00,80.88,kWh,MTR-001
CLI-002,2026-05-09 00:00:00,577.64,kWh,MTR-002
CLI-003,2026-05-09 00:00:00,350.65,kWh,MTR-003
CLI-001,2026-05-09 01:00:00,69.42,kWh,MTR-001
CLI-002,2026-05-09 01:00:00,633.19,kWh,MTR-002
CLI-003,2026-05-09 01:00:00,352.36,kWh,MTR-003
CLI-001,2026-05-09 02:00:00,70.94,kWh,MTR-001
CLI-002,2026-05-09 02:00:00,622.35,kWh,MTR-002
CLI-003,2026-05-09 02:00:00,337.77,kWh,MTR-003
CLI-001,2026-05-09 03:00:00,78.71,kWh,MTR-001
CLI-002,2026-05-09 03:00:00,612.38,kWh,MTR-002
CLI-003,2026-05-09 03:00:00,352.34,kWh,MTR-003
CLI-001,2026-05-09 04:00:00,80.88,kWh,MTR-001
CLI-002,2026-05-09 04:00:00,641.3,kWh,MTR-002
CLI-003,2026-05-09 04:00:00,338.47,kWh,MTR-003
CLI-001,2026-05-09 05:00:00,69.55,kWh,MTR-001
CLI-002,2026-05-09 05:00:00,642.64,kWh,MTR-002
CLI-003,2026-05-09 05:00:00,352.05,kWh,MTR-003
CLI-001,2026-05-09 06:00:00,560.0,kWh,MTR-001
CLI-002,2026-05-09 06:00:00,636.19,kWh,MTR-002
CLI-003,2026-05-09 06:00:00,324.1,kWh,MTR-003
CLI-001,2026-05-09 07:00:00,608.09,kWh,MTR-001
CLI-002,2026-05-09 07:00:00,566.28,kWh,MTR-002
CLI-003,2026-05-09 07:00:00,325.89,kWh,MTR-003
CLI-001,2026-05-09 08:00:00,555.71,kWh,MTR-001
CLI-002,2026-05-09 08:00:00,482.15,kWh,MTR-002
CLI-003,2026-05-09 08:00:00,322.13,kWh,MTR-003
CLI-001,2026-05-09 09:00:00,498.86,kWh,MTR-001
CLI-002,2026-05-09 09:00:00,451.19,kWh,MTR-002
CLI-003,2026-05-09 09:00:00,353.57,kWh,MTR-003
CLI-001,2026-05-09 10:00:00,543.31,kWh,MTR-001
CLI-002,2026-05-09 10:00:00,332.16,kWh,MTR-002
CLI-003,2026-05-09 10:00:00,325.55,kWh,MTR-003
CLI-001,2026-05-09 11:00:00,515.89,kWh,MTR-001
CLI-002,2026-05-09 11:00:00,350.49,kWh,MTR-002
CLI-003,2026-05-09 11:00:00,341.95,kWh,MTR-003
CLI-001,2026-05-09 12:00:00,522.22,kWh,MTR-001
CLI-002,2026-05-09 12:00:00,351.84,kWh,MTR-002
CLI-003,2026-05-09 12:00:00,336.79,kWh,MTR-003
CLI-001,2026-05-09 13:00:00,516.57,kWh,MTR-001
CLI-002,2026-05-09 13:00:00,370.77,kWh,MTR-002
CLI-003,2026-05-09 13:00:00,340.62,kWh,MTR-003
CLI-001,2026-05-09 14:00:00,491.49,kWh,MTR-001
CLI-002,2026-05-09 14:00:00,413.29,kWh,MTR-002
CLI-003,2026-05-09 14:00:00,346.57,kWh,MTR-003
CLI-001,2026-05-09 15:00:00,557.97,kWh,MTR-001
CLI-002,2026-05-09 15:00:00,423.14,kWh,MTR-002
CLI-003,2026-05-09 15:00:00,342.17,kWh,MTR-003
CLI-001,2026-05-09 16:00:00,517.61,kWh,MTR-001
CLI-002,2026-05-09 16:00:00,524.71,kWh,MTR-002
CLI-003,2026-05-09 16:00:00,351.54,kWh,MTR-003
CLI-001,2026-05-09 17:00:00,538.64,kWh,MTR-001
CLI-002,2026-05-09 17:00:00,553.22,kWh,MTR-002
CLI-003,2026-05-09 17:00:00,321.77,kWh,MTR-003
CLI-001,2026-05-09 18:00:00,545.08,kWh,MTR-001
CLI-002,2026-05-09 18:00:00,629.54,kWh,MTR-002
CLI-003,2026-05-09 18:00:00,347.82,kWh,MTR-003
CLI-001,2026-05-09 19:00:00,544.92,kWh,MTR-001
CLI-002,2026-05-09 19:00:00,629.33,kWh,MTR-002
CLI-003,2026-05-09 19:00:00,331.74,kWh,MTR-003
CLI-001,2026-05-09 20:00:00,495.96,kWh,MTR-001
CLI-002,2026-05-09 20:00:00,640.34,kWh,MTR-002
CLI-003,2026-05-09 20:00:00,359.56,kWh,MTR-003
CLI-001,2026-05-09 21:00:00,500.27,kWh,MTR-001
CLI-002,2026-05-09 21:00:00,588.38,kWh,MTR-002
CLI-003,2026-05-09 21:00:00,351.23,kWh,MTR-003
CLI-001,2026-05-09 22:00:00,68.3,kWh,MTR-001
CLI-002,2026-05-09 22:00:00,600.76,kWh,MTR-002
CLI-003,2026-05-09 22:00:00,349.73,kWh,MTR-003
CLI-001,2026-05-09 23:00:00,69.67,kWh,MTR-001
CLI-002,2026-05-09 23:00:00,609.73,kWh,MTR-002
CLI-003,2026-05-09 23:00:00,356.97,kWh,MTR-003
CLI-001,2026-05-10 00:00:00,46.02,kWh,MTR-001
CLI-002,2026-05-10 00:00:00,580524.89,Wh,MTR-002
CLI-003,2026-05-10 00:00:00,352.89,kWh,MTR-003
CLI-001,2026-05-10 01:00:00,36.42,kWh,MTR-001
CLI-002,2026-05-10 01:00:00,621264.35,Wh,MTR-002
CLI-003,2026-05-10 01:00:00,344.1,kWh,MTR-003
CLI-001,2026-05-10 02:00:00,43.8,kWh,MTR-001
CLI-002,2026-05-10 02:00:00,577964.86,Wh,MTR-002
CLI-003,2026-05-10 02:00:00,-70.1,kWh,MTR-003
CLI-001,2026-05-10 03:00:00,49.6,kWh,MTR-001
CLI-002,2026-05-10 03:00:00,580252.88,Wh,MTR-002
CLI-003,2026-05-10 03:00:00,334.53,kWh,MTR-003
CLI-001,2026-05-10 04:00:00,43.59,kWh,MTR-001
CLI-002,2026-05-10 04:00:00,584994.56,Wh,MTR-002
CLI-003,2026-05-10 04:00:00,351.25,kWh,MTR-003
CLI-001,2026-05-10 05:00:00,31.34,kWh,MTR-001
CLI-002,2026-05-10 05:00:00,600642.99,Wh,MTR-002
CLI-003,2026-05-10 05:00:00,342.69,kWh,MTR-003
CLI-001,2026-05-10 06:00:00,43.58,kWh,MTR-001
CLI-002,2026-05-10 06:00:00,601040.94,Wh,MTR-002
CLI-003,2026-05-10 06:00:00,342.96,kWh,MTR-003
CLI-001,2026-05-10 07:00:00,37.96,kWh,MTR-001
CLI-002,2026-05-10 07:00:00,535032.29,Wh,MTR-002
CLI-003,2026-05-10 07:00:00,339.96,kWh,MTR-003
CLI-001,2026-05-10 08:00:00,41.23,kWh,MTR-001
CLI-002,2026-05-10 08:00:00,463282.72,Wh,MTR-002
CLI-002,2026-05-10 08:00:00,459309.18,Wh,MTR-002
CLI-003,2026-05-10 08:00:00,356.66,kWh,MTR-003
CLI-001,2026-05-10 09:00:00,32.45,kWh,MTR-001
CLI-002,2026-05-10 09:00:00,386415.0,Wh,MTR-002
CLI-003,2026-05-10 09:00:00,323.51,kWh,MTR-003
CLI-001,2026-05-10 10:00:00,46.91,kWh,MTR-001
CLI-002,2026-05-10 10:00:00,411909.23,Wh,MTR-002
CLI-003,2026-05-10 10:00:00,355.65,kWh,MTR-003
CLI-001,2026-05-10 11:00:00,44.24,kWh,MTR-001
CLI-002,2026-05-10 11:00:00,330362.19,Wh,MTR-002
CLI-003,2026-05-10 11:00:00,324.85,kWh,MTR-003
CLI-001,2026-05-10 12:00:00,32.78,kWh,MTR-001
CLI-002,2026-05-10 12:00:00,304681.44,Wh,MTR-002
CLI-003,2026-05-10 12:00:00,352.15,kWh,MTR-003
CLI-001,2026-05-10 13:00:00,42.24,kWh,MTR-001
CLI-002,2026-05-10 13:00:00,284700.9,Wh,MTR-002
CLI-003,2026-05-10 13:00:00,341.03,kWh,MTR-003
CLI-001,2026-05-10 14:00:00,46.47,kWh,MTR-001
CLI-002,2026-05-10 14:00:00,398651.18,Wh,MTR-002
CLI-003,2026-05-10 14:00:00,347.2,kWh,MTR-003
CLI-001,2026-05-10 15:00:00,47.56,kWh,MTR-001
CLI-002,2026-05-10 15:00:00,457332.18,Wh,MTR-002
CLI-003,2026-05-10 15:00:00,337.3,kWh,MTR-003
CLI-001,2026-05-10 16:00:00,31.11,kWh,MTR-001
CLI-002,2026-05-10 16:00:00,471825.63,Wh,MTR-002
CLI-003,2026-05-10 16:00:00,348.37,kWh,MTR-003
CLI-001,2026-05-10 17:00:00,48.82,kWh,MTR-001
CLI-002,2026-05-10 17:00:00,572727.98,Wh,MTR-002
CLI-003,2026-05-10 17:00:00,342.03,kWh,MTR-003
CLI-001,2026-05-10 18:00:00,36.06,kWh,MTR-001
CLI-002,2026-05-10 18:00:00,610180.12,Wh,MTR-002
CLI-003,2026-05-10 18:00:00,357.66,kWh,MTR-003
CLI-001,2026-05-10 19:00:00,43.17,kWh,MTR-001
CLI-002,2026-05-10 19:00:00,617359.72,Wh,MTR-002
CLI-003,2026-05-10 19:00:00,342.54,kWh,MTR-003
CLI-001,2026-05-10 20:00:00,30.57,kWh,MTR-001
CLI-002,2026-05-10 20:00:00,619901.76,Wh,MTR-002
CLI-003,2026-05-10 20:00:00,346.05,kWh,MTR-003
CLI-001,2026-05-10 21:00:00,38.33,kWh,MTR-001
CLI-002,2026-05-10 21:00:00,609862.66,Wh,MTR-002
CLI-003,2026-05-10 21:00:00,331.59,kWh,MTR-003
CLI-001,2026-05-10 22:00:00,39.66,kWh,MTR-001
CLI-002,2026-05-10 22:00:00,622949.36,Wh,MTR-002
CLI-003,2026-05-10 22:00:00,322.92,kWh,MTR-003
CLI-001,2026-05-10 23:00:00,38.79,kWh,MTR-001
CLI-002,2026-05-10 23:00:00,589281.61,Wh,MTR-002
CLI-003,2026-05-10 23:00:00,332.5,kWh,MTR-003
CLI-001,2026-05-11 00:00:00,78.35,kWh,MTR-001
CLI-002,2026-05-11 00:00:00,643276.19,Wh,MTR-002
CLI-003,2026-05-11 00:00:00,334.82,kWh,MTR-003
CLI-001,2026-05-11 01:00:00,67.98,kWh,MTR-001
CLI-002,2026-05-11 01:00:00,593723.02,Wh,MTR-002
CLI-003,2026-05-11 01:00:00,323.87,kWh,MTR-003
CLI-001,2026-05-11 02:00:00,69.6,kWh,MTR-001
CLI-002,2026-05-11 02:00:00,592378.92,Wh,MTR-002
CLI-003,2026-05-11 02:00:00,326.39,kWh,MTR-003
CLI-001,2026-05-11 03:00:00,74.44,kWh,MTR-001
CLI-002,2026-05-11 03:00:00,628418.5,Wh,MTR-002
CLI-003,2026-05-11 03:00:00,340.59,kWh,MTR-003
CLI-001,2026-05-11 04:00:00,67.71,kWh,MTR-001
CLI-002,2026-05-11 04:00:00,641166.3,Wh,MTR-002
CLI-003,2026-05-11 04:00:00,358.67,kWh,MTR-003
CLI-001,2026-05-11 05:00:00,68.82,kWh,MTR-001
CLI-002,2026-05-11 05:00:00,609642.59,Wh,MTR-002
CLI-003,2026-05-11 05:00:00,346.17,kWh,MTR-003
CLI-001,2026-05-11 06:00:00,582.94,kWh,MTR-001
CLI-002,2026-05-11 06:00:00,605164.94,Wh,MTR-002
CLI-003,2026-05-11 06:00:00,349.1,kWh,MTR-003
CLI-001,2026-05-11 07:00:00,569.27,kWh,MTR-001
CLI-002,2026-05-11 07:00:00,555083.16,Wh,MTR-002
CLI-003,2026-05-11 07:00:00,453.07,kWh,MTR-003
CLI-001,2026-05-11 08:00:00,502.38,kWh,MTR-001
CLI-002,2026-05-11 08:00:00,511355.68,Wh,MTR-002
CLI-003,2026-05-11 08:00:00,474.6,kWh,MTR-003
CLI-001,2026-05-11 09:00:00,555.12,kWh,MTR-001
CLI-002,2026-05-11 09:00:00,400108.28,Wh,MTR-002
CLI-003,2026-05-11 09:00:00,440.92,kWh,MTR-003
CLI-001,2026-05-11 10:00:00,517.9,kWh,MTR-001
CLI-002,2026-05-11 10:00:00,385544.65,Wh,MTR-002
CLI-003,2026-05-11 10:00:00,464.4,kWh,MTR-003
CLI-001,2026-05-11 11:00:00,539.15,kWh,MTR-001
CLI-002,2026-05-11 11:00:00,305460.11,Wh,MTR-002
CLI-003,2026-05-11 11:00:00,472.34,kWh,MTR-003
CLI-001,2026-05-11 12:00:00,509.47,kWh,MTR-001
CLI-002,2026-05-11 12:00:00,368050.82,Wh,MTR-002
CLI-003,2026-05-11 12:00:00,484.65,kWh,MTR-003
CLI-001,2026-05-11 13:00:00,517.97,kWh,MTR-001
CLI-002,2026-05-11 13:00:00,342457.28,Wh,MTR-002
CLI-003,2026-05-11 13:00:00,481.36,kWh,MTR-003
CLI-001,2026-05-11 14:00:00,530.32,kWh,MTR-001
CLI-002,2026-05-11 14:00:00,438292.95,Wh,MTR-002
CLI-003,2026-05-11 14:00:00,464.71,kWh,MTR-003
CLI-001,2026-05-11 15:00:00,481.51,kWh,MTR-001
CLI-002,2026-05-11 15:00:00,382153.53,Wh,MTR-002
CLI-003,2026-05-11 15:00:00,493.61,kWh,MTR-003
CLI-001,2026-05-11 16:00:00,538.87,kWh,MTR-001
CLI-002,2026-05-11 16:00:00,468347.3,Wh,MTR-002
CLI-003,2026-05-11 16:00:00,477.25,kWh,MTR-003
CLI-001,2026-05-11 17:00:00,493.85,kWh,MTR-001
CLI-002,2026-05-11 17:00:00,534416.34,Wh,MTR-002
CLI-003,2026-05-11 17:00:00,483.14,kWh,MTR-003
CLI-001,2026-05-11 18:00:00,528.81,kWh,MTR-001
CLI-002,2026-05-11 18:00:00,592256.34,Wh,MTR-002
CLI-003,2026-05-11 18:00:00,473.18,kWh,MTR-003
CLI-001,2026-05-11 19:00:00,503.12,kWh,MTR-001
CLI-002,2026-05-11 19:00:00,624349.18,Wh,MTR-002
CLI-003,2026-05-11 19:00:00,333.95,kWh,MTR-003
CLI-001,2026-05-11 20:00:00,543.63,kWh,MTR-001
CLI-002,2026-05-11 20:00:00,583531.19,Wh,MTR-002
CLI-003,2026-05-11 20:00:00,335.19,kWh,MTR-003
CLI-001,2026-05-11 21:00:00,545.47,kWh,MTR-001
CLI-002,2026-05-11 21:00:00,631323.11,Wh,MTR-002
CLI-003,2026-05-11 21:00:00,331.51,kWh,MTR-003
CLI-001,2026-05-11 22:00:00,68.66,kWh,MTR-001
CLI-002,2026-05-11 22:00:00,592951.08,Wh,MTR-002
CLI-003,2026-05-11 22:00:00,328.08,kWh,MTR-003
CLI-001,2026-05-11 23:00:00,83.33,kWh,MTR-001
CLI-002,2026-05-11 23:00:00,584609.11,Wh,MTR-002
CLI-003,2026-05-11 23:00:00,343.47,kWh,MTR-003
CLI-001,2026-05-12 00:00:00,76.75,kWh,MTR-001
CLI-002,2026-05-12 00:00:00,619656.12,Wh,MTR-002
CLI-003,2026-05-12 00:00:00,336.53,kWh,MTR-003
CLI-001,2026-05-12 01:00:00,62.51,kWh,MTR-001
CLI-002,2026-05-12 01:00:00,575362.7,Wh,MTR-002
CLI-003,2026-05-12 01:00:00,357.16,kWh,MTR-003
CLI-001,2026-05-12 02:00:00,83.38,kWh,MTR-001
CLI-002,2026-05-12 02:00:00,608421.4,Wh,MTR-002
CLI-003,2026-05-12 02:00:00,358.56,kWh,MTR-003
CLI-001,2026-05-12 03:00:00,76.15,kWh,MTR-001
CLI-002,2026-05-12 03:00:00,581262.25,Wh,MTR-002
CLI-003,2026-05-12 03:00:00,341.41,kWh,MTR-003
CLI-001,2026-05-12 04:00:00,83.42,kWh,MTR-001
CLI-002,2026-05-12 04:00:00,587254.53,Wh,MTR-002
CLI-003,2026-05-12 04:00:00,327.03,kWh,MTR-003
CLI-001,2026-05-12 05:00:00,84.93,kWh,MTR-001
CLI-002,2026-05-12 05:00:00,609676.87,Wh,MTR-002
CLI-003,2026-05-12 05:00:00,358.49,kWh,MTR-003
CLI-001,2026-05-12 06:00:00,,kWh,MTR-001
CLI-002,2026-05-12 06:00:00,614757.33,Wh,MTR-002
CLI-003,2026-05-12 06:00:00,359.32,kWh,MTR-003
CLI-001,2026-05-12 07:00:00,619.13,kWh,MTR-001
CLI-002,2026-05-12 07:00:00,527788.11,Wh,MTR-002
CLI-003,2026-05-12 07:00:00,459.51,kWh,MTR-003
CLI-001,2026-05-12 08:00:00,493.0,kWh,MTR-001
CLI-002,2026-05-12 08:00:00,477895.19,Wh,MTR-002
CLI-003,2026-05-12 08:00:00,483.66,kWh,MTR-003
CLI-001,2026-05-12 09:00:00,494.04,kWh,MTR-001
CLI-002,2026-05-12 09:00:00,423343.88,Wh,MTR-002
CLI-003,2026-05-12 09:00:00,458.55,kWh,MTR-003
CLI-001,2026-05-12 10:00:00,491.25,kWh,MTR-001
CLI-002,2026-05-12 10:00:00,385617.47,Wh,MTR-002
CLI-003,2026-05-12 10:00:00,493.77,kWh,MTR-003
CLI-001,2026-05-12 11:00:00,537.83,kWh,MTR-001
CLI-002,2026-05-12 11:00:00,342594.75,Wh,MTR-002
CLI-003,2026-05-12 11:00:00,448.93,kWh,MTR-003
CLI-001,2026-05-12 12:00:00,520.2,kWh,MTR-001
CLI-002,2026-05-12 12:00:00,379797.51,Wh,MTR-002
CLI-003,2026-05-12 12:00:00,480.5,kWh,MTR-003
CLI-001,2026-05-12 13:00:00,497.53,kWh,MTR-001
CLI-002,2026-05-12 13:00:00,301507.26,Wh,MTR-002
CLI-003,2026-05-12 13:00:00,468.11,kWh,MTR-003
CLI-001,2026-05-12 14:00:00,523.0,kWh,MTR-001
CLI-002,2026-05-12 14:00:00,384858.01,Wh,MTR-002
CLI-003,2026-05-12 14:00:00,472.38,kWh,MTR-003
CLI-001,2026-05-12 15:00:00,536.3,kWh,MTR-001
CLI-002,2026-05-12 15:00:00,461728.17,Wh,MTR-002
CLI-003,2026-05-12 15:00:00,472.4,kWh,MTR-003
CLI-001,2026-05-12 16:00:00,506.25,kWh,MTR-001
CLI-002,2026-05-12 16:00:00,466928.92,Wh,MTR-002
CLI-003,2026-05-12 16:00:00,453.95,kWh,MTR-003
CLI-001,2026-05-12 17:00:00,516.27,kWh,MTR-001
CLI-002,2026-05-12 17:00:00,551179.17,Wh,MTR-002
CLI-003,2026-05-12 17:00:00,488.98,kWh,MTR-003
CLI-001,2026-05-12 18:00:00,545.32,kWh,MTR-001
CLI-002,2026-05-12 18:00:00,615481.79,Wh,MTR-002
CLI-003,2026-05-12 18:00:00,450.69,kWh,MTR-003
CLI-001,2026-05-12 19:00:00,554.77,kWh,MTR-001
CLI-002,2026-05-12 19:00:00,640364.29,Wh,MTR-002
CLI-003,2026-05-12 19:00:00,336.35,kWh,MTR-003
CLI-001,2026-05-12 20:00:00,541.27,kWh,MTR-001
CLI-002,2026-05-12 20:00:00,620211.66,Wh,MTR-002
CLI-003,2026-05-12 20:00:00,359.71,kWh,MTR-003
CLI-001,2026-05-12 21:00:00,549.57,kWh,MTR-001
CLI-002,2026-05-12 21:00:00,601295.19,Wh,MTR-002
CLI-003,2026-05-12 21:00:00,346.47,kWh,MTR-003
CLI-001,2026-05-12 22:00:00,76.34,kWh,MTR-001
CLI-002,2026-05-12 22:00:00,587493.15,Wh,MTR-002
CLI-003,2026-05-12 22:00:00,341.15,kWh,MTR-003
CLI-001,2026-05-12 23:00:00,2697.22,kWh,MTR-001
CLI-001,2026-05-12 23:00:00,2697.22,kWh,MTR-001
CLI-002,2026-05-12 23:00:00,595885.41,Wh,MTR-002
CLI-003,2026-05-12 23:00:00,341.78,kWh,MTR-003
CLI-001,2026-05-13 00:00:00,80.58,kWh,MTR-001
CLI-002,2026-05-13 00:00:00,599.23,kWh,MTR-002
CLI-003,2026-05-13 00:00:00,357.5,kWh,MTR-003
CLI-001,2026-05-13 01:00:00,62.82,kWh,MTR-001
CLI-002,2026-05-13 01:00:00,604.35,kWh,MTR-002
CLI-003,2026-05-13 01:00:00,355.35,kWh,MTR-003
CLI-001,2026-05-13 02:00:00,65.15,kWh,MTR-001
CLI-002,2026-05-13 02:00:00,577.35,kWh,MTR-002
CLI-003,2026-05-13 02:00:00,348.13,kWh,MTR-003
CLI-001,2026-05-13 03:00:00,78.51,kWh,MTR-001
CLI-002,2026-05-13 03:00:00,591.4,kWh,MTR-002
CLI-003,2026-05-13 03:00:00,354.55,kWh,MTR-003
CLI-001,2026-05-13 04:00:00,72.6,kWh,MTR-001
CLI-002,2026-05-13 04:00:00,632.11,kWh,MTR-002
CLI-003,2026-05-13 04:00:00,332.76,kWh,MTR-003
CLI-001,2026-05-13 05:00:00,76.81,kWh,MTR-001
CLI-002,2026-05-13 05:00:00,596.12,kWh,MTR-002
CLI-003,2026-05-13 05:00:00,346.41,kWh,MTR-003
CLI-001,2026-05-13 06:00:00,564.04,kWh,MTR-001
CLI-002,2026-05-13 06:00:00,641.4,kWh,MTR-002
CLI-003,2026-05-13 06:00:00,356.46,kWh,MTR-003
CLI-001,2026-05-13 07:00:00,574.18,kWh,MTR-001
CLI-002,2026-05-13 07:00:00,561.19,kWh,MTR-002
CLI-003,2026-05-13 07:00:00,475.99,kWh,MTR-003
CLI-001,2026-05-13 08:00:00,491.94,kWh,MTR-001
CLI-002,2026-05-13 08:00:00,496.32,kWh,MTR-002
CLI-003,2026-05-13 08:00:00,468.26,kWh,MTR-003
CLI-001,2026-05-13 09:00:00,553.18,kWh,MTR-001
CLI-002,2026-05-13 09:00:00,450.04,kWh,MTR-002
CLI-003,2026-05-13 09:00:00,450.81,kWh,MTR-003
CLI-001,2026-05-13 10:00:00,553.78,kWh,MTR-001
CLI-002,2026-05-13 10:00:00,328.94,kWh,MTR-002
CLI-003,2026-05-13 10:00:00,465.95,kWh,MTR-003
CLI-001,2026-05-13 11:00:00,549.89,kWh,MTR-001
CLI-002,2026-05-13 11:00:00,346.68,kWh,MTR-002
CLI-003,2026-05-13 11:00:00,480.26,kWh,MTR-003
CLI-001,2026-05-13 12:00:00,556.56,kWh,MTR-001
CLI-002,2026-05-13 12:00:00,321.92,kWh,MTR-002
CLI-003,2026-05-13 12:00:00,489.35,kWh,MTR-003
CLI-001,2026-05-13 13:00:00,528.35,kWh,MTR-001
CLI-002,2026-05-13 13:00:00,376.39,kWh,MTR-002
CLI-003,2026-05-13 13:00:00,466.24,kWh,MTR-003
CLI-001,2026-05-13 14:00:00,500.92,kWh,MTR-001
CLI-002,2026-05-13 14:00:00,419.07,kWh,MTR-002
CLI-003,2026-05-13 14:00:00,478.97,kWh,MTR-003
CLI-001,2026-05-13 15:00:00,509.66,kWh,MTR-001
CLI-002,2026-05-13 15:00:00,448.75,kWh,MTR-002
CLI-003,2026-05-13 15:00:00,473.47,kWh,MTR-003
CLI-001,2026-05-13 16:00:00,513.41,kWh,MTR-001
CLI-002,2026-05-13 16:00:00,471.94,kWh,MTR-002
CLI-003,2026-05-13 16:00:00,474.61,kWh,MTR-003
CLI-001,2026-05-13 17:00:00,500.59,kWh,MTR-001
CLI-002,2026-05-13 17:00:00,569.63,kWh,MTR-002
CLI-003,2026-05-13 17:00:00,465.58,kWh,MTR-003
CLI-001,2026-05-13 18:00:00,537.63,kWh,MTR-001
CLI-002,2026-05-13 18:00:00,639.18,kWh,MTR-002
CLI-003,2026-05-13 18:00:00,462.43,kWh,MTR-003
CLI-001,2026-05-13 19:00:00,547.74,kWh,MTR-001
CLI-002,2026-05-13 19:00:00,621.78,kWh,MTR-002
CLI-003,2026-05-13 19:00:00,336.5,kWh,MTR-003
CLI-001,2026-05-13 20:00:00,498.51,kWh,MTR-001
CLI-002,2026-05-13 20:00:00,575.64,kWh,MTR-002
CLI-003,2026-05-13 20:00:00,334.93,kWh,MTR-003
CLI-001,2026-05-13 21:00:00,533.34,kWh,MTR-001
CLI-002,2026-05-13 21:00:00,608.82,kWh,MTR-002
CLI-003,2026-05-13 21:00:00,320.26,kWh,MTR-003
CLI-001,2026-05-13 22:00:00,60.3,kWh,MTR-001
CLI-002,2026-05-13 22:00:00,594.23,kWh,MTR-002
CLI-003,2026-05-13 22:00:00,320.69,kWh,MTR-003
CLI-001,2026-05-13 23:00:00,76.85,kWh,MTR-001
CLI-002,2026-05-13 23:00:00,638.68,kWh,MTR-002
CLI-003,2026-05-13 23:00:00,323.85,kWh,MTR-003
CLI-001,2026-05-14 00:00:00,64.8,kWh,MTR-001
CLI-002,2026-05-14 00:00:00,632.07,kWh,MTR-002
CLI-003,2026-05-14 00:00:00,335.88,kWh,MTR-003
CLI-001,2026-05-14 01:00:00,70.15,kWh,MTR-001
CLI-002,2026-05-14 01:00:00,644.32,kWh,MTR-002
CLI-003,2026-05-14 01:00:00,347.36,kWh,MTR-003
CLI-001,2026-05-14 02:00:00,76.34,kWh,MTR-001
CLI-002,2026-05-14 02:00:00,628.17,kWh,MTR-002
CLI-003,2026-05-14 02:00:00,335.17,kWh,MTR-003
CLI-001,2026-05-14 03:00:00,,kWh,MTR-001
CLI-002,2026-05-14 03:00:00,587.0,kWh,MTR-002
CLI-003,2026-05-14 03:00:00,337.36,kWh,MTR-003
CLI-001,2026-05-14 04:00:00,74.15,kWh,MTR-001
CLI-002,2026-05-14 04:00:00,581.68,kWh,MTR-002
CLI-003,2026-05-14 04:00:00,321.7,kWh,MTR-003
CLI-001,2026-05-14 05:00:00,81.7,kWh,MTR-001
CLI-002,2026-05-14 05:00:00,608.29,kWh,MTR-002
CLI-003,2026-05-14 05:00:00,322.97,kWh,MTR-003
CLI-001,2026-05-14 06:00:00,611.94,kWh,MTR-001
CLI-002,2026-05-14 06:00:00,577.3,kWh,MTR-002
CLI-003,2026-05-14 06:00:00,332.58,kWh,MTR-003
CLI-001,2026-05-14 07:00:00,586.96,kWh,MTR-001
CLI-002,2026-05-14 07:00:00,559.04,kWh,MTR-002
CLI-003,2026-05-14 07:00:00,448.71,kWh,MTR-003
CLI-001,2026-05-14 08:00:00,511.13,kWh,MTR-001
CLI-002,2026-05-14 08:00:00,450.65,kWh,MTR-002
CLI-003,2026-05-14 08:00:00,496.26,kWh,MTR-003
CLI-001,2026-05-14 09:00:00,557.95,kWh,MTR-001
CLI-002,2026-05-14 09:00:00,390.21,kWh,MTR-002
CLI-003,2026-05-14 09:00:00,494.41,kWh,MTR-003
CLI-001,2026-05-14 10:00:00,541.88,kWh,MTR-001
CLI-002,2026-05-14 10:00:00,315.14,kWh,MTR-002
CLI-003,2026-05-14 10:00:00,477.47,kWh,MTR-003
CLI-001,2026-05-14 11:00:00,534.38,kWh,MTR-001
CLI-002,2026-05-14 11:00:00,311.0,kWh,MTR-002
CLI-003,2026-05-14 11:00:00,465.99,kWh,MTR-003
CLI-001,2026-05-14 12:00:00,536.93,kWh,MTR-001
CLI-002,2026-05-14 12:00:00,381.67,kWh,MTR-002
CLI-003,2026-05-14 12:00:00,444.46,kWh,MTR-003
CLI-001,2026-05-14 13:00:00,501.58,kWh,MTR-001
CLI-002,2026-05-14 13:00:00,336.81,kWh,MTR-002
CLI-003,2026-05-14 13:00:00,452.11,kWh,MTR-003
CLI-001,2026-05-14 14:00:00,487.45,kWh,MTR-001
CLI-002,2026-05-14 14:00:00,378.68,kWh,MTR-002
CLI-003,2026-05-14 14:00:00,453.05,kWh,MTR-003
CLI-001,2026-05-14 15:00:00,552.42,kWh,MTR-001
CLI-002,2026-05-14 15:00:00,453.58,kWh,MTR-002
CLI-003,2026-05-14 15:00:00,449.59,kWh,MTR-003
CLI-001,2026-05-14 16:00:00,485.06,kWh,MTR-001
CLI-002,2026-05-14 16:00:00,472.38,kWh,MTR-002
CLI-003,2026-05-14 16:00:00,452.47,kWh,MTR-003
CLI-001,2026-05-14 17:00:00,527.5,kWh,MTR-001
CLI-002,2026-05-14 17:00:00,519.41,kWh,MTR-002
CLI-003,2026-05-14 17:00:00,466.89,kWh,MTR-003
CLI-001,2026-05-14 18:00:00,506.36,kWh,MTR-001
CLI-002,2026-05-14 18:00:00,632.08,kWh,MTR-002
CLI-003,2026-05-14 18:00:00,478.05,kWh,MTR-003
CLI-001,2026-05-14 19:00:00,555.78,kWh,MTR-001
CLI-002,2026-05-14 19:00:00,596.99,kWh,MTR-002
CLI-003,2026-05-14 19:00:00,358.75,kWh,MTR-003
CLI-001,2026-05-14 20:00:00,535.6,kWh,MTR-001
CLI-002,2026-05-14 20:00:00,615.31,kWh,MTR-002
CLI-003,2026-05-14 20:00:00,335.04,kWh,MTR-003
CLI-001,2026-05-14 21:00:00,511.43,kWh,MTR-001
CLI-002,2026-05-14 21:00:00,614.47,kWh,MTR-002
CLI-003,2026-05-14 21:00:00,341.83,kWh,MTR-003
CLI-001,2026-05-14 22:00:00,73.75,kWh,MTR-001
CLI-002,2026-05-14 22:00:00,607.31,kWh,MTR-002
CLI-003,2026-05-14 22:00:00,337.54,kWh,MTR-003
CLI-001,2026-05-14 23:00:00,77.32,kWh,MTR-001
CLI-002,2026-05-14 23:00:00,630.7,kWh,MTR-002
CLI-003,2026-05-14 23:00:00,339.97,kWh,MTR-003
CLI-001,2026-05-15 00:00:00,66.05,kWh,MTR-001
CLI-002,2026-05-15 00:00:00,625.07,kWh,MTR-002
CLI-003,2026-05-15 00:00:00,322.96,kWh,MTR-003
CLI-001,2026-05-15 01:00:00,71.98,kWh,MTR-001
CLI-002,2026-05-15 01:00:00,610.46,kWh,MTR-002
CLI-003,2026-05-15 01:00:00,347.67,kWh,MTR-003
CLI-001,2026-05-15 02:00:00,79.77,kWh,MTR-001
CLI-002,2026-05-15 02:00:00,637.69,kWh,MTR-002
CLI-003,2026-05-15 02:00:00,345.53,kWh,MTR-003
CLI-001,2026-05-15 03:00:00,79.22,kWh,MTR-001
CLI-002,2026-05-15 03:00:00,599.85,kWh,MTR-002
CLI-003,2026-05-15 03:00:00,321.77,kWh,MTR-003
CLI-001,2026-05-15 04:00:00,76.94,kWh,MTR-001
CLI-002,2026-05-15 04:00:00,627.69,kWh,MTR-002
CLI-003,2026-05-15 04:00:00,,kWh,MTR-003
CLI-001,2026-05-15 05:00:00,66.47,kWh,MTR-001
CLI-002,2026-05-15 05:00:00,611.32,kWh,MTR-002
CLI-003,2026-05-15 05:00:00,343.01,kWh,MTR-003
CLI-001,2026-05-15 06:00:00,571.29,kWh,MTR-001
CLI-002,2026-05-15 06:00:00,616.2,kWh,MTR-002
CLI-003,2026-05-15 06:00:00,333.8,kWh,MTR-003
CLI-001,2026-05-15 07:00:00,548.36,kWh,MTR-001
CLI-002,2026-05-15 07:00:00,584.8,kWh,MTR-002
CLI-003,2026-05-15 07:00:00,450.02,kWh,MTR-003
CLI-001,2026-05-15 08:00:00,496.55,kWh,MTR-001
CLI-002,2026-05-15 08:00:00,478.86,kWh,MTR-002
CLI-003,2026-05-15 08:00:00,456.76,kWh,MTR-003
CLI-001,2026-05-15 09:00:00,489.21,kWh,MTR-001
CLI-002,2026-05-15 09:00:00,417.99,kWh,MTR-002
CLI-003,2026-05-15 09:00:00,481.67,kWh,MTR-003
CLI-001,2026-05-15 10:00:00,492.81,kWh,MTR-001
CLI-002,2026-05-15 10:00:00,438.2,kWh,MTR-002
CLI-003,2026-05-15 10:00:00,461.59,kWh,MTR-003
CLI-001,2026-05-15 11:00:00,482.34,kWh,MTR-001
CLI-002,2026-05-15 11:00:00,321.72,kWh,MTR-002
CLI-003,2026-05-15 11:00:00,469.36,kWh,MTR-003
CLI-001,2026-05-15 12:00:00,544.7,kWh,MTR-001
CLI-002,2026-05-15 12:00:00,273.72,kWh,MTR-002
CLI-003,2026-05-15 12:00:00,461.77,kWh,MTR-003
CLI-001,2026-05-15 13:00:00,549.01,kWh,MTR-001
CLI-002,2026-05-15 13:00:00,352.12,kWh,MTR-002
CLI-003,2026-05-15 13:00:00,468.92,kWh,MTR-003
CLI-001,2026-05-15 14:00:00,529.39,kWh,MTR-001
CLI-002,2026-05-15 14:00:00,414.05,kWh,MTR-002
CLI-003,2026-05-15 14:00:00,442.41,kWh,MTR-003
CLI-001,2026-05-15 15:00:00,504.43,kWh,MTR-001
CLI-002,2026-05-15 15:00:00,434.58,kWh,MTR-002
CLI-003,2026-05-15 15:00:00,452.03,kWh,MTR-003
CLI-001,2026-05-15 16:00:00,530.84,kWh,MTR-001
CLI-002,2026-05-15 16:00:00,458.67,kWh,MTR-002
CLI-003,2026-05-15 16:00:00,458.79,kWh,MTR-003
CLI-001,2026-05-15 17:00:00,516.08,kWh,MTR-001
CLI-002,2026-05-15 17:00:00,545.76,kWh,MTR-002
CLI-003,2026-05-15 17:00:00,496.52,kWh,MTR-003
CLI-001,2026-05-15 18:00:00,519.6,kWh,MTR-001
CLI-002,2026-05-15 18:00:00,604.09,kWh,MTR-002
CLI-003,2026-05-15 18:00:00,457.03,kWh,MTR-003
CLI-001,2026-05-15 19:00:00,540.88,kWh,MTR-001
CLI-002,2026-05-15 19:00:00,594.24,kWh,MTR-002
CLI-003,2026-05-15 19:00:00,326.73,kWh,MTR-003
CLI-001,2026-05-15 20:00:00,539.4,kWh,MTR-001
CLI-002,2026-05-15 20:00:00,613.48,kWh,MTR-002
CLI-003,2026-05-15 20:00:00,324.57,kWh,MTR-003
CLI-001,2026-05-15 21:00:00,545.86,kWh,MTR-001
CLI-002,2026-05-15 21:00:00,632.58,kWh,MTR-002
CLI-003,2026-05-15 21:00:00,348.76,kWh,MTR-003
CLI-001,2026-05-15 22:00:00,84.74,kWh,MTR-001
CLI-002,2026-05-15 22:00:00,633.1,kWh,MTR-002
CLI-003,2026-05-15 22:00:00,-92.9,kWh,MTR-003
CLI-001,2026-05-15 23:00:00,68.71,kWh,MTR-001
CLI-002,2026-05-15 23:00:00,605.73,kWh,MTR-002
CLI-003,2026-05-15 23:00:00,351.03,kWh,MTR-003
CLI-001,2026-05-16 00:00:00,80.27,kWh,MTR-001
CLI-002,2026-05-16 00:00:00,599.54,kWh,MTR-002
CLI-003,2026-05-16 00:00:00,345.31,kWh,MTR-003
CLI-001,2026-05-16 01:00:00,63.48,kWh,MTR-001
CLI-002,2026-05-16 01:00:00,589.49,kWh,MTR-002
CLI-003,2026-05-16 01:00:00,334.03,kWh,MTR-003
CLI-001,2026-05-16 02:00:00,73.47,kWh,MTR-001
CLI-002,2026-05-16 02:00:00,624.28,kWh,MTR-002
CLI-003,2026-05-16 02:00:00,330.69,kWh,MTR-003
CLI-001,2026-05-16 03:00:00,84.64,kWh,MTR-001
CLI-002,2026-05-16 03:00:00,581.67,kWh,MTR-002
CLI-003,2026-05-16 03:00:00,351.43,kWh,MTR-003
CLI-001,2026-05-16 04:00:00,84.81,kWh,MTR-001
CLI-002,2026-05-16 04:00:00,583.88,kWh,MTR-002
CLI-003,2026-05-16 04:00:00,329.99,kWh,MTR-003
CLI-001,2026-05-16 05:00:00,80.71,kWh,MTR-001
CLI-002,2026-05-16 05:00:00,622.34,kWh,MTR-002
CLI-003,2026-05-16 05:00:00,343.1,kWh,MTR-003
CLI-001,2026-05-16 06:00:00,573.14,kWh,MTR-001
CLI-002,2026-05-16 06:00:00,619.35,kWh,MTR-002
CLI-003,2026-05-16 06:00:00,323.72,kWh,MTR-003
CLI-001,2026-05-16 07:00:00,562.26,kWh,MTR-001
CLI-002,2026-05-16 07:00:00,518.7,kWh,MTR-002
CLI-003,2026-05-16 07:00:00,320.1,kWh,MTR-003
CLI-001,2026-05-16 08:00:00,538.62,kWh,MTR-001
CLI-002,2026-05-16 08:00:00,464.74,kWh,MTR-002
CLI-003,2026-05-16 08:00:00,322.53,kWh,MTR-003
CLI-001,2026-05-16 09:00:00,497.43,kWh,MTR-001
CLI-002,2026-05-16 09:00:00,420.4,kWh,MTR-002
CLI-003,2026-05-16 09:00:00,333.51,kWh,MTR-003
CLI-001,2026-05-16 10:00:00,525.29,kWh,MTR-001
CLI-002,2026-05-16 10:00:00,350.68,kWh,MTR-002
CLI-003,2026-05-16 10:00:00,323.98,kWh,MTR-003
CLI-001,2026-05-16 11:00:00,516.77,kWh,MTR-001
CLI-002,2026-05-16 11:00:00,33803.85,kWh,MTR-002
CLI-003,2026-05-16 11:00:00,328.09,kWh,MTR-003
CLI-001,2026-05-16 12:00:00,490.55,kWh,MTR-001
CLI-002,2026-05-16 12:00:00,270.8,kWh,MTR-002
CLI-003,2026-05-16 12:00:00,346.18,kWh,MTR-003
CLI-001,2026-05-16 13:00:00,509.75,kWh,MTR-001
CLI-002,2026-05-16 13:00:00,341.06,kWh,MTR-002
CLI-003,2026-05-16 13:00:00,347.98,kWh,MTR-003
CLI-001,2026-05-16 14:00:00,532.44,kWh,MTR-001
CLI-002,2026-05-16 14:00:00,347.0,kWh,MTR-002
CLI-003,2026-05-16 14:00:00,329.05,kWh,MTR-003
CLI-001,2026-05-16 15:00:00,480.74,kWh,MTR-001
CLI-002,2026-05-16 15:00:00,404.76,kWh,MTR-002
CLI-003,2026-05-16 15:00:00,325.29,kWh,MTR-003
CLI-001,2026-05-16 16:00:00,510.65,kWh,MTR-001
CLI-002,2026-05-16 16:00:00,459.81,kWh,MTR-002
CLI-003,2026-05-16 16:00:00,325.49,kWh,MTR-003
CLI-001,2026-05-16 17:00:00,540.25,kWh,MTR-001
CLI-002,2026-05-16 17:00:00,586.2,kWh,MTR-002
CLI-003,2026-05-16 17:00:00,320.34,kWh,MTR-003
CLI-001,2026-05-16 18:00:00,515.21,kWh,MTR-001
CLI-002,2026-05-16 18:00:00,618.97,kWh,MTR-002
CLI-003,2026-05-16 18:00:00,336.47,kWh,MTR-003
CLI-001,2026-05-16 19:00:00,548.8,kWh,MTR-001
CLI-002,2026-05-16 19:00:00,582.03,kWh,MTR-002
CLI-003,2026-05-16 19:00:00,343.58,kWh,MTR-003
CLI-001,2026-05-16 20:00:00,557.06,kWh,MTR-001
CLI-002,2026-05-16 20:00:00,584.79,kWh,MTR-002
CLI-003,2026-05-16 20:00:00,323.37,kWh,MTR-003
CLI-001,2026-05-16 21:00:00,528.0,kWh,MTR-001
CLI-002,2026-05-16 21:00:00,629.53,kWh,MTR-002
CLI-003,2026-05-16 21:00:00,353.92,kWh,MTR-003
CLI-001,2026-05-16 22:00:00,67.54,kWh,MTR-001
CLI-002,2026-05-16 22:00:00,610.67,kWh,MTR-002
CLI-003,2026-05-16 22:00:00,331.82,kWh,MTR-003
CLI-001,2026-05-16 23:00:00,82.45,kWh,MTR-001
CLI-002,2026-05-16 23:00:00,609.64,kWh,MTR-002
CLI-003,2026-05-16 23:00:00,339.98,kWh,MTR-003
CLI-001,2026-05-17 00:00:00,40.57,kWh,MTR-001
CLI-002,2026-05-17 00:00:00,644.08,kWh,MTR-002
CLI-003,2026-05-17 00:00:00,325.28,kWh,MTR-003
CLI-001,2026-05-17 01:00:00,41.37,kWh,MTR-001
CLI-002,2026-05-17 01:00:00,622.81,kWh,MTR-002
CLI-003,2026-05-17 01:00:00,358.18,kWh,MTR-003
CLI-001,2026-05-17 02:00:00,30.33,kWh,MTR-001
CLI-002,2026-05-17 02:00:00,593.35,kWh,MTR-002
CLI-003,2026-05-17 02:00:00,322.42,kWh,MTR-003
CLI-001,2026-05-17 03:00:00,40.13,kWh,MTR-001
CLI-002,2026-05-17 03:00:00,610.07,kWh,MTR-002
CLI-003,2026-05-17 03:00:00,348.07,kWh,MTR-003
CLI-001,2026-05-17 04:00:00,40.73,kWh,MTR-001
CLI-002,2026-05-17 04:00:00,594.42,kWh,MTR-002
CLI-003,2026-05-17 04:00:00,340.45,kWh,MTR-003
CLI-001,2026-05-17 05:00:00,46.16,kWh,MTR-001
CLI-002,2026-05-17 05:00:00,602.35,kWh,MTR-002
CLI-003,2026-05-17 05:00:00,353.38,kWh,MTR-003
CLI-001,2026-05-17 06:00:00,31.32,kWh,MTR-001
CLI-002,2026-05-17 06:00:00,626.1,kWh,MTR-002
CLI-003,2026-05-17 06:00:00,322.32,kWh,MTR-003
CLI-001,2026-05-17 07:00:00,38.69,kWh,MTR-001
CLI-002,2026-05-17 07:00:00,554.4,kWh,MTR-002
CLI-003,2026-05-17 07:00:00,349.63,kWh,MTR-003
CLI-001,2026-05-17 08:00:00,44.16,kWh,MTR-001
CLI-002,2026-05-17 08:00:00,427.65,kWh,MTR-002
CLI-003,2026-05-17 08:00:00,351.32,kWh,MTR-003
CLI-001,2026-05-17 09:00:00,33.34,kWh,MTR-001
CLI-002,2026-05-17 09:00:00,460.23,kWh,MTR-002
CLI-003,2026-05-17 09:00:00,350.86,kWh,MTR-003
CLI-001,2026-05-17 10:00:00,46.14,kWh,MTR-001
CLI-002,2026-05-17 10:00:00,328.15,kWh,MTR-002
CLI-003,2026-05-17 10:00:00,323.08,kWh,MTR-003
CLI-001,2026-05-17 11:00:00,37.2,kWh,MTR-001
CLI-002,2026-05-17 11:00:00,372.32,kWh,MTR-002
CLI-003,2026-05-17 11:00:00,324.12,kWh,MTR-003
CLI-001,2026-05-17 12:00:00,44.46,kWh,MTR-001
CLI-002,2026-05-17 12:00:00,396.6,kWh,MTR-002
CLI-003,2026-05-17 12:00:00,329.78,kWh,MTR-003
CLI-001,2026-05-17 13:00:00,37.66,kWh,MTR-001
CLI-002,2026-05-17 13:00:00,343.88,kWh,MTR-002
CLI-003,2026-05-17 13:00:00,356.56,kWh,MTR-003
CLI-001,2026-05-17 14:00:00,38.39,kWh,MTR-001
CLI-002,2026-05-17 14:00:00,352.03,kWh,MTR-002
CLI-003,2026-05-17 14:00:00,323.12,kWh,MTR-003
CLI-001,2026-05-17 15:00:00,40.04,kWh,MTR-001
CLI-002,2026-05-17 15:00:00,374.93,kWh,MTR-002
CLI-003,2026-05-17 15:00:00,358.16,kWh,MTR-003
CLI-001,2026-05-17 16:00:00,39.3,kWh,MTR-001
CLI-002,2026-05-17 16:00:00,510.98,kWh,MTR-002
CLI-003,2026-05-17 16:00:00,320.32,kWh,MTR-003
CLI-001,2026-05-17 17:00:00,41.28,kWh,MTR-001
CLI-002,2026-05-17 17:00:00,550.81,kWh,MTR-002
CLI-003,2026-05-17 17:00:00,339.73,kWh,MTR-003
CLI-001,2026-05-17 18:00:00,33.91,kWh,MTR-001
CLI-002,2026-05-17 18:00:00,628.23,kWh,MTR-002
CLI-003,2026-05-17 18:00:00,320.26,kWh,MTR-003
CLI-001,2026-05-17 19:00:00,34.66,kWh,MTR-001
CLI-002,2026-05-17 19:00:00,633.77,kWh,MTR-002
CLI-003,2026-05-17 19:00:00,26088.63,kWh,MTR-003
CLI-001,2026-05-17 20:00:00,46.98,kWh,MTR-001
CLI-002,2026-05-17 20:00:00,582.28,kWh,MTR-002
CLI-003,2026-05-17 20:00:00,329.53,kWh,MTR-003
CLI-001,2026-05-17 21:00:00,31.2,kWh,MTR-001
CLI-001,2026-05-17 21:00:00,31.46,kWh,MTR-001
CLI-002,2026-05-17 21:00:00,581.51,kWh,MTR-002
CLI-003,2026-05-17 21:00:00,355.89,kWh,MTR-003
CLI-001,2026-05-17 22:00:00,44.02,kWh,MTR-001
CLI-002,2026-05-17 22:00:00,643.22,kWh,MTR-002
CLI-003,2026-05-17 22:00:00,323.82,kWh,MTR-003
CLI-001,2026-05-17 23:00:00,46.4,kWh,MTR-001
CLI-002,2026-05-17 23:00:00,614.75,kWh,MTR-002
CLI-003,2026-05-17 23:00:00,358.57,kWh,MTR-003
CLI-001,2026-05-18 00:00:00,66.52,kWh,MTR-001
CLI-002,2026-05-18 00:00:00,631.06,kWh,MTR-002
CLI-003,2026-05-18 00:00:00,349.41,kWh,MTR-003
CLI-001,2026-05-18 01:00:00,66.8,kWh,MTR-001
CLI-002,2026-05-18 01:00:00,589.19,kWh,MTR-002
CLI-003,2026-05-18 01:00:00,343.39,kWh,MTR-003
CLI-001,2026-05-18 02:00:00,64.11,kWh,MTR-001
CLI-002,2026-05-18 02:00:00,603.46,kWh,MTR-002
CLI-003,2026-05-18 02:00:00,358.59,kWh,MTR-003
CLI-001,2026-05-18 03:00:00,67.71,kWh,MTR-001
CLI-002,2026-05-18 03:00:00,583.39,kWh,MTR-002
CLI-003,2026-05-18 03:00:00,347.44,kWh,MTR-003
CLI-001,2026-05-18 04:00:00,77.42,kWh,MTR-001
CLI-002,2026-05-18 04:00:00,633.51,kWh,MTR-002
CLI-003,2026-05-18 04:00:00,323.65,kWh,MTR-003
CLI-001,2026-05-18 05:00:00,68.89,kWh,MTR-001
CLI-002,2026-05-18 05:00:00,622.4,kWh,MTR-002
CLI-003,2026-05-18 05:00:00,359.63,kWh,MTR-003
CLI-001,2026-05-18 06:00:00,572.35,kWh,MTR-001
CLI-002,2026-05-18 06:00:00,627.37,kWh,MTR-002
CLI-003,2026-05-18 06:00:00,338.48,kWh,MTR-003
CLI-001,2026-05-18 07:00:00,551.18,kWh,MTR-001
CLI-002,2026-05-18 07:00:00,550.04,kWh,MTR-002
CLI-003,2026-05-18 07:00:00,479.11,kWh,MTR-003
CLI-001,2026-05-18 08:00:00,531.57,kWh,MTR-001
CLI-002,2026-05-18 08:00:00,442.29,kWh,MTR-002
CLI-003,2026-05-18 08:00:00,464.65,kWh,MTR-003
CLI-002,2026-05-18 09:00:00,458.54,kWh,MTR-002
CLI-003,2026-05-18 09:00:00,458.48,kWh,MTR-003
CLI-002,2026-05-18 10:00:00,328.61,kWh,MTR-002
CLI-003,2026-05-18 10:00:00,449.2,kWh,MTR-003
CLI-002,2026-05-18 11:00:00,389.4,kWh,MTR-002
CLI-003,2026-05-18 11:00:00,468.0,kWh,MTR-003
CLI-002,2026-05-18 12:00:00,279.11,kWh,MTR-002
CLI-003,2026-05-18 12:00:00,484.3,kWh,MTR-003
CLI-002,2026-05-18 13:00:00,338.3,kWh,MTR-002
CLI-003,2026-05-18 13:00:00,486.58,kWh,MTR-003
CLI-002,2026-05-18 14:00:00,320.9,kWh,MTR-002
CLI-003,2026-05-18 14:00:00,467.09,kWh,MTR-003
CLI-002,2026-05-18 15:00:00,487.32,kWh,MTR-002
CLI-003,2026-05-18 15:00:00,470.15,kWh,MTR-003
CLI-002,2026-05-18 16:00:00,437.61,kWh,MTR-002
CLI-003,2026-05-18 16:00:00,474.37,kWh,MTR-003
CLI-002,2026-05-18 17:00:00,556.76,kWh,MTR-002
CLI-003,2026-05-18 17:00:00,457.15,kWh,MTR-003
CLI-002,2026-05-18 18:00:00,588.18,kWh,MTR-002
CLI-003,2026-05-18 18:00:00,485.03,kWh,MTR-003
CLI-002,2026-05-18 19:00:00,591.28,kWh,MTR-002
CLI-003,2026-05-18 19:00:00,29295.11,kWh,MTR-003
CLI-002,2026-05-18 20:00:00,625.19,kWh,MTR-002
CLI-003,2026-05-18 20:00:00,353.77,kWh,MTR-003
CLI-002,2026-05-18 21:00:00,639.21,kWh,MTR-002
CLI-003,2026-05-18 21:00:00,353.86,kWh,MTR-003
CLI-002,2026-05-18 22:00:00,640.93,kWh,MTR-002
CLI-003,2026-05-18 22:00:00,324.04,kWh,MTR-003
CLI-002,2026-05-18 23:00:00,641.41,kWh,MTR-002
CLI-003,2026-05-18 23:00:00,358.43,kWh,MTR-003
CLI-002,2026-05-19 00:00:00,623.55,kWh,MTR-002
CLI-003,2026-05-19 00:00:00,351.48,kWh,MTR-003
CLI-002,2026-05-19 01:00:00,596.48,kWh,MTR-002
CLI-003,2026-05-19 01:00:00,325.09,kWh,MTR-003
CLI-002,2026-05-19 02:00:00,602.41,kWh,MTR-002
CLI-003,2026-05-19 02:00:00,358.61,kWh,MTR-003
CLI-002,2026-05-19 03:00:00,642.73,kWh,MTR-002
CLI-003,2026-05-19 03:00:00,342.62,kWh,MTR-003
CLI-002,2026-05-19 04:00:00,591.66,kWh,MTR-002
CLI-003,2026-05-19 04:00:00,326.72,kWh,MTR-003
CLI-002,2026-05-19 05:00:00,619.74,kWh,MTR-002
CLI-003,2026-05-19 05:00:00,337.87,kWh,MTR-003
CLI-002,2026-05-19 06:00:00,592.97,kWh,MTR-002
CLI-003,2026-05-19 06:00:00,320.05,kWh,MTR-003
CLI-002,2026-05-19 07:00:00,568.28,kWh,MTR-002
CLI-003,2026-05-19 07:00:00,459.88,kWh,MTR-003
CLI-002,2026-05-19 08:00:00,509.33,kWh,MTR-002
CLI-003,2026-05-19 08:00:00,477.68,kWh,MTR-003
CLI-002,2026-05-19 09:00:00,408.86,kWh,MTR-002
CLI-003,2026-05-19 09:00:00,483.83,kWh,MTR-003
CLI-002,2026-05-19 10:00:00,424.73,kWh,MTR-002
CLI-003,2026-05-19 10:00:00,468.29,kWh,MTR-003
CLI-002,2026-05-19 11:00:00,309.65,kWh,MTR-002
CLI-003,2026-05-19 11:00:00,472.16,kWh,MTR-003
CLI-002,2026-05-19 12:00:00,310.28,kWh,MTR-002
CLI-003,2026-05-19 12:00:00,462.26,kWh,MTR-003
CLI-002,2026-05-19 13:00:00,384.26,kWh,MTR-002
CLI-003,2026-05-19 13:00:00,449.13,kWh,MTR-003
CLI-002,2026-05-19 14:00:00,362.98,kWh,MTR-002
CLI-003,2026-05-19 14:00:00,462.31,kWh,MTR-003
CLI-002,2026-05-19 15:00:00,408.16,kWh,MTR-002
CLI-003,2026-05-19 15:00:00,447.59,kWh,MTR-003
CLI-002,2026-05-19 16:00:00,463.7,kWh,MTR-002
CLI-003,2026-05-19 16:00:00,475.2,kWh,MTR-003
CLI-002,2026-05-19 17:00:00,532.81,kWh,MTR-002
CLI-003,2026-05-19 17:00:00,484.55,kWh,MTR-003
CLI-002,2026-05-19 18:00:00,610.15,kWh,MTR-002
CLI-003,2026-05-19 18:00:00,487.34,kWh,MTR-003
CLI-002,2026-05-19 19:00:00,587.1,kWh,MTR-002
CLI-003,2026-05-19 19:00:00,358.89,kWh,MTR-003
CLI-002,2026-05-19 20:00:00,644.18,kWh,MTR-002
CLI-003,2026-05-19 20:00:00,359.89,kWh,MTR-003
CLI-002,2026-05-19 21:00:00,638.76,kWh,MTR-002
CLI-003,2026-05-19 21:00:00,322.68,kWh,MTR-003
CLI-002,2026-05-19 22:00:00,594.33,kWh,MTR-002
CLI-003,2026-05-19 22:00:00,354.94,kWh,MTR-003
CLI-002,2026-05-19 23:00:00,604.37,kWh,MTR-002
CLI-003,2026-05-19 23:00:00,325.93,kWh,MTR-003
CLI-002,2026-05-20 00:00:00,639.74,kWh,MTR-002
CLI-003,2026-05-20 00:00:00,324.04,kWh,MTR-003
CLI-002,2026-05-20 01:00:00,603.76,kWh,MTR-002
CLI-003,2026-05-20 01:00:00,339.42,kWh,MTR-003
CLI-002,2026-05-20 02:00:00,585.07,kWh,MTR-002
CLI-003,2026-05-20 02:00:00,347.75,kWh,MTR-003
CLI-002,2026-05-20 03:00:00,591.63,kWh,MTR-002
CLI-003,2026-05-20 03:00:00,356.83,kWh,MTR-003
CLI-002,2026-05-20 04:00:00,596.21,kWh,MTR-002
CLI-003,2026-05-20 04:00:00,339.66,kWh,MTR-003
CLI-002,2026-05-20 05:00:00,584.41,kWh,MTR-002
CLI-003,2026-05-20 05:00:00,337.72,kWh,MTR-003
CLI-002,2026-05-20 06:00:00,620.19,kWh,MTR-002
CLI-003,2026-05-20 06:00:00,328.46,kWh,MTR-003
CLI-002,2026-05-20 07:00:00,557.39,kWh,MTR-002
CLI-003,2026-05-20 07:00:00,450.69,kWh,MTR-003
CLI-002,2026-05-20 08:00:00,530.4,kWh,MTR-002
CLI-003,2026-05-20 08:00:00,493.43,kWh,MTR-003
CLI-002,2026-05-20 09:00:00,454.45,kWh,MTR-002
CLI-003,2026-05-20 09:00:00,474.27,kWh,MTR-003
CLI-002,2026-05-20 10:00:00,418.05,kWh,MTR-002
CLI-003,2026-05-20 10:00:00,468.97,kWh,MTR-003
CLI-002,2026-05-20 11:00:00,389.95,kWh,MTR-002
CLI-003,2026-05-20 11:00:00,458.68,kWh,MTR-003
CLI-002,2026-05-20 12:00:00,382.76,kWh,MTR-002
CLI-003,2026-05-20 12:00:00,459.21,kWh,MTR-003
CLI-002,2026-05-20 13:00:00,,kWh,MTR-002
CLI-003,2026-05-20 13:00:00,469.25,kWh,MTR-003
CLI-001,2026-05-20 14:00:00,557.36,kWh,MTR-001
CLI-002,2026-05-20 14:00:00,386.5,kWh,MTR-002
CLI-003,2026-05-20 14:00:00,459.08,kWh,MTR-003
CLI-001,2026-05-20 15:00:00,545.94,kWh,MTR-001
CLI-002,2026-05-20 15:00:00,393.14,kWh,MTR-002
CLI-003,2026-05-20 15:00:00,479.96,kWh,MTR-003
CLI-001,2026-05-20 16:00:00,528.72,kWh,MTR-001
CLI-002,2026-05-20 16:00:00,474.43,kWh,MTR-002
CLI-003,2026-05-20 16:00:00,486.47,kWh,MTR-003
CLI-001,2026-05-20 17:00:00,536.89,kWh,MTR-001
CLI-002,2026-05-20 17:00:00,537.4,kWh,MTR-002
CLI-003,2026-05-20 17:00:00,495.15,kWh,MTR-003
CLI-001,2026-05-20 18:00:00,528.0,kWh,MTR-001
CLI-002,2026-05-20 18:00:00,622.65,kWh,MTR-002
CLI-003,2026-05-20 18:00:00,491.14,kWh,MTR-003
CLI-001,2026-05-20 19:00:00,513.49,kWh,MTR-001
CLI-002,2026-05-20 19:00:00,577.47,kWh,MTR-002
CLI-003,2026-05-20 19:00:00,342.88,kWh,MTR-003
CLI-001,2026-05-20 20:00:00,538.12,kWh,MTR-001
CLI-002,2026-05-20 20:00:00,612.42,kWh,MTR-002
CLI-003,2026-05-20 20:00:00,356.26,kWh,MTR-003
CLI-001,2026-05-20 21:00:00,520.59,kWh,MTR-001
CLI-002,2026-05-20 21:00:00,633.84,kWh,MTR-002
CLI-003,2026-05-20 21:00:00,327.25,kWh,MTR-003
CLI-001,2026-05-20 22:00:00,63.2,kWh,MTR-001
CLI-002,2026-05-20 22:00:00,631.58,kWh,MTR-002
CLI-003,2026-05-20 22:00:00,327.32,kWh,MTR-003
CLI-001,2026-05-20 23:00:00,68.39,kWh,MTR-001
CLI-002,2026-05-20 23:00:00,599.87,kWh,MTR-002
CLI-003,2026-05-20 23:00:00,332.28,kWh,MTR-003
CLI-001,2026-05-21 00:00:00,68.28,kWh,MTR-001
CLI-002,2026-05-21 00:00:00,595.58,kWh,MTR-002
CLI-003,2026-05-21 00:00:00,338.82,kWh,MTR-003
CLI-001,2026-05-21 01:00:00,74.59,kWh,MTR-001
CLI-002,2026-05-21 01:00:00,579.99,kWh,MTR-002
CLI-003,2026-05-21 01:00:00,340.02,kWh,MTR-003
CLI-001,2026-05-21 02:00:00,69.54,kWh,MTR-001
CLI-002,2026-05-21 02:00:00,578.78,kWh,MTR-002
CLI-003,2026-05-21 02:00:00,325.49,kWh,MTR-003
CLI-001,2026-05-21 03:00:00,70.23,kWh,MTR-001
CLI-002,2026-05-21 03:00:00,638.46,kWh,MTR-002
CLI-003,2026-05-21 03:00:00,332.66,kWh,MTR-003
CLI-001,2026-05-21 04:00:00,79.47,kWh,MTR-001
CLI-002,2026-05-21 04:00:00,619.17,kWh,MTR-002
CLI-003,2026-05-21 04:00:00,345.38,kWh,MTR-003
CLI-003,2026-05-21 04:00:00,345.38,kWh,MTR-003
CLI-001,2026-05-21 05:00:00,66.84,kWh,MTR-001
CLI-002,2026-05-21 05:00:00,586.8,kWh,MTR-002
CLI-003,2026-05-21 05:00:00,339.58,kWh,MTR-003
CLI-001,2026-05-21 06:00:00,547.04,kWh,MTR-001
CLI-002,2026-05-21 06:00:00,619.34,kWh,MTR-002
CLI-003,2026-05-21 06:00:00,358.61,kWh,MTR-003
CLI-001,2026-05-21 07:00:00,543.02,kWh,MTR-001
CLI-002,2026-05-21 07:00:00,546.61,kWh,MTR-002
CLI-003,2026-05-21 07:00:00,474.05,kWh,MTR-003
CLI-001,2026-05-21 08:00:00,530.13,kWh,MTR-001
CLI-002,2026-05-21 08:00:00,499.42,kWh,MTR-002
CLI-003,2026-05-21 08:00:00,468.0,kWh,MTR-003
CLI-001,2026-05-21 09:00:00,545.91,kWh,MTR-001
CLI-002,2026-05-21 09:00:00,388.9,kWh,MTR-002
CLI-003,2026-05-21 09:00:00,475.15,kWh,MTR-003
CLI-001,2026-05-21 10:00:00,507.42,kWh,MTR-001
CLI-002,2026-05-21 10:00:00,400.55,kWh,MTR-002
CLI-003,2026-05-21 10:00:00,483.83,kWh,MTR-003
CLI-001,2026-05-21 11:00:00,538.17,kWh,MTR-001
CLI-002,2026-05-21 11:00:00,359.57,kWh,MTR-002
CLI-003,2026-05-21 11:00:00,469.18,kWh,MTR-003
CLI-001,2026-05-21 12:00:00,550.12,kWh,MTR-001
CLI-002,2026-05-21 12:00:00,397.89,kWh,MTR-002
CLI-003,2026-05-21 12:00:00,481.09,kWh,MTR-003
CLI-001,2026-05-21 13:00:00,535.18,kWh,MTR-001
CLI-002,2026-05-21 13:00:00,339.47,kWh,MTR-002
CLI-003,2026-05-21 13:00:00,461.98,kWh,MTR-003
CLI-001,2026-05-21 14:00:00,504.09,kWh,MTR-001
CLI-002,2026-05-21 14:00:00,413.72,kWh,MTR-002
CLI-003,2026-05-21 14:00:00,465.41,kWh,MTR-003
CLI-001,2026-05-21 15:00:00,537.5,kWh,MTR-001
CLI-002,2026-05-21 15:00:00,426.63,kWh,MTR-002
CLI-003,2026-05-21 15:00:00,450.88,kWh,MTR-003
CLI-001,2026-05-21 16:00:00,496.13,kWh,MTR-001
CLI-002,2026-05-21 16:00:00,488.93,kWh,MTR-002
CLI-003,2026-05-21 16:00:00,471.3,kWh,MTR-003
CLI-001,2026-05-21 17:00:00,480.22,kWh,MTR-001
CLI-002,2026-05-21 17:00:00,559.74,kWh,MTR-002
CLI-003,2026-05-21 17:00:00,443.67,kWh,MTR-003
CLI-001,2026-05-21 18:00:00,537.89,kWh,MTR-001
CLI-002,2026-05-21 18:00:00,592.91,kWh,MTR-002
CLI-003,2026-05-21 18:00:00,483.43,kWh,MTR-003
CLI-001,2026-05-21 19:00:00,487.98,kWh,MTR-001
CLI-002,2026-05-21 19:00:00,577.76,kWh,MTR-002
CLI-003,2026-05-21 19:00:00,352.06,kWh,MTR-003
CLI-001,2026-05-21 20:00:00,539.08,kWh,MTR-001
CLI-002,2026-05-21 20:00:00,628.07,kWh,MTR-002
CLI-003,2026-05-21 20:00:00,354.08,kWh,MTR-003
CLI-001,2026-05-21 21:00:00,493.64,kWh,MTR-001
CLI-002,2026-05-21 21:00:00,605.64,kWh,MTR-002
CLI-003,2026-05-21 21:00:00,355.14,kWh,MTR-003
CLI-001,2026-05-21 22:00:00,80.37,kWh,MTR-001
CLI-002,2026-05-21 22:00:00,603.05,kWh,MTR-002
CLI-003,2026-05-21 22:00:00,330.87,kWh,MTR-003
CLI-001,2026-05-21 23:00:00,81.27,kWh,MTR-001
CLI-002,2026-05-21 23:00:00,620.42,kWh,MTR-002
CLI-003,2026-05-21 23:00:00,324.52,kWh,MTR-003
CLI-001,2026-05-22 00:00:00,61.47,kWh,MTR-001
CLI-002,2026-05-22 00:00:00,586.16,kWh,MTR-002
CLI-003,2026-05-22 00:00:00,343.63,kWh,MTR-003
CLI-001,2026-05-22 01:00:00,76.96,kWh,MTR-001
CLI-002,2026-05-22 01:00:00,601.58,kWh,MTR-002
CLI-003,2026-05-22 01:00:00,321.15,kWh,MTR-003
CLI-001,2026-05-22 02:00:00,80.96,kWh,MTR-001
CLI-002,2026-05-22 02:00:00,584.15,kWh,MTR-002
CLI-003,2026-05-22 02:00:00,324.52,kWh,MTR-003
CLI-001,2026-05-22 03:00:00,61.15,kWh,MTR-001
CLI-002,2026-05-22 03:00:00,597.0,kWh,MTR-002
CLI-003,2026-05-22 03:00:00,347.12,kWh,MTR-003
CLI-001,2026-05-22 04:00:00,74.42,kWh,MTR-001
CLI-002,2026-05-22 04:00:00,643.45,kWh,MTR-002
CLI-003,2026-05-22 04:00:00,333.53,kWh,MTR-003
CLI-001,2026-05-22 05:00:00,77.51,kWh,MTR-001
CLI-002,2026-05-22 05:00:00,621.32,kWh,MTR-002
CLI-003,2026-05-22 05:00:00,333.83,kWh,MTR-003
CLI-001,2026-05-22 06:00:00,570.79,kWh,MTR-001
CLI-002,2026-05-22 06:00:00,614.08,kWh,MTR-002
CLI-003,2026-05-22 06:00:00,322.18,kWh,MTR-003
CLI-001,2026-05-22 07:00:00,552.55,kWh,MTR-001
CLI-002,2026-05-22 07:00:00,554.89,kWh,MTR-002
CLI-003,2026-05-22 07:00:00,461.89,kWh,MTR-003
CLI-001,2026-05-22 08:00:00,484.03,kWh,MTR-001
CLI-002,2026-05-22 08:00:00,492.55,kWh,MTR-002
CLI-003,2026-05-22 08:00:00,477.4,kWh,MTR-003
CLI-001,2026-05-22 09:00:00,548.53,kWh,MTR-001
CLI-002,2026-05-22 09:00:00,395.43,kWh,MTR-002
CLI-003,2026-05-22 09:00:00,451.48,kWh,MTR-003
CLI-001,2026-05-22 10:00:00,480.01,kWh,MTR-001
CLI-002,2026-05-22 10:00:00,375.18,kWh,MTR-002
CLI-003,2026-05-22 10:00:00,461.54,kWh,MTR-003
CLI-001,2026-05-22 11:00:00,556.03,kWh,MTR-001
CLI-002,2026-05-22 11:00:00,352.37,kWh,MTR-002
CLI-003,2026-05-22 11:00:00,476.0,kWh,MTR-003
CLI-001,2026-05-22 12:00:00,532.57,kWh,MTR-001
CLI-002,2026-05-22 12:00:00,287.42,kWh,MTR-002
CLI-003,2026-05-22 12:00:00,473.55,kWh,MTR-003
CLI-001,2026-05-22 13:00:00,503.36,kWh,MTR-001
CLI-002,2026-05-22 13:00:00,417.23,kWh,MTR-002
CLI-003,2026-05-22 13:00:00,462.12,kWh,MTR-003
CLI-001,2026-05-22 14:00:00,488.56,kWh,MTR-001
CLI-002,2026-05-22 14:00:00,315.29,kWh,MTR-002
CLI-003,2026-05-22 14:00:00,476.72,kWh,MTR-003
CLI-001,2026-05-22 15:00:00,488.62,kWh,MTR-001
CLI-002,2026-05-22 15:00:00,424.57,kWh,MTR-002
CLI-003,2026-05-22 15:00:00,479.4,kWh,MTR-003
CLI-001,2026-05-22 16:00:00,556.5,kWh,MTR-001
CLI-002,2026-05-22 16:00:00,475.19,kWh,MTR-002
CLI-003,2026-05-22 16:00:00,497.58,kWh,MTR-003
CLI-001,2026-05-22 17:00:00,520.67,kWh,MTR-001
CLI-002,2026-05-22 17:00:00,516.24,kWh,MTR-002
CLI-003,2026-05-22 17:00:00,451.76,kWh,MTR-003
CLI-001,2026-05-22 18:00:00,550.62,kWh,MTR-001
CLI-002,2026-05-22 18:00:00,601.93,kWh,MTR-002
CLI-003,2026-05-22 18:00:00,494.51,kWh,MTR-003
CLI-001,2026-05-22 19:00:00,557.09,kWh,MTR-001
CLI-002,2026-05-22 19:00:00,606.7,kWh,MTR-002
CLI-003,2026-05-22 19:00:00,336.51,kWh,MTR-003
CLI-001,2026-05-22 20:00:00,539.87,kWh,MTR-001
CLI-002,2026-05-22 20:00:00,624.1,kWh,MTR-002
CLI-003,2026-05-22 20:00:00,348.47,kWh,MTR-003
CLI-001,2026-05-22 21:00:00,530.61,kWh,MTR-001
CLI-002,2026-05-22 21:00:00,618.69,kWh,MTR-002
CLI-003,2026-05-22 21:00:00,333.81,kWh,MTR-003
CLI-001,2026-05-22 22:00:00,84.53,kWh,MTR-001
CLI-002,2026-05-22 22:00:00,642.08,kWh,MTR-002
CLI-003,2026-05-22 22:00:00,347.77,kWh,MTR-003
CLI-001,2026-05-22 23:00:00,62.89,kWh,MTR-001
CLI-002,2026-05-22 23:00:00,608.63,kWh,MTR-002
CLI-003,2026-05-22 23:00:00,346.69,kWh,MTR-003
CLI-001,2026-05-23 00:00:00,78.7,kWh,MTR-001
CLI-002,2026-05-23 00:00:00,595.01,kWh,MTR-002
CLI-003,2026-05-23 00:00:00,352.33,kWh,MTR-003
CLI-001,2026-05-23 01:00:00,60.63,kWh,MTR-001
CLI-002,2026-05-23 01:00:00,621.92,kWh,MTR-002
CLI-003,2026-05-23 01:00:00,350.01,kWh,MTR-003
CLI-001,2026-05-23 02:00:00,67.17,kWh,MTR-001
CLI-002,2026-05-23 02:00:00,633.76,kWh,MTR-002
CLI-003,2026-05-23 02:00:00,331.81,kWh,MTR-003
CLI-001,2026-05-23 03:00:00,60.81,kWh,MTR-001
CLI-002,2026-05-23 03:00:00,582.17,kWh,MTR-002
CLI-003,2026-05-23 03:00:00,349.58,kWh,MTR-003
CLI-001,2026-05-23 04:00:00,78.56,kWh,MTR-001
CLI-002,2026-05-23 04:00:00,591.63,kWh,MTR-002
CLI-003,2026-05-23 04:00:00,351.95,kWh,MTR-003
CLI-001,2026-05-23 05:00:00,76.61,kWh,MTR-001
CLI-002,2026-05-23 05:00:00,602.13,kWh,MTR-002
CLI-003,2026-05-23 05:00:00,359.03,kWh,MTR-003
CLI-001,2026-05-23 06:00:00,584.17,kWh,MTR-001
CLI-002,2026-05-23 06:00:00,592.59,kWh,MTR-002
CLI-003,2026-05-23 06:00:00,351.24,kWh,MTR-003
CLI-001,2026-05-23 07:00:00,606.4,kWh,MTR-001
CLI-002,2026-05-23 07:00:00,551.12,kWh,MTR-002
CLI-003,2026-05-23 07:00:00,341.86,kWh,MTR-003
CLI-001,2026-05-23 08:00:00,542.09,kWh,MTR-001
CLI-002,2026-05-23 08:00:00,480.98,kWh,MTR-002
CLI-003,2026-05-23 08:00:00,327.48,kWh,MTR-003
CLI-001,2026-05-23 09:00:00,521.11,kWh,MTR-001
CLI-002,2026-05-23 09:00:00,412.34,kWh,MTR-002
CLI-003,2026-05-23 09:00:00,343.36,kWh,MTR-003
CLI-001,2026-05-23 10:00:00,506.45,kWh,MTR-001
CLI-002,2026-05-23 10:00:00,389.66,kWh,MTR-002
CLI-003,2026-05-23 10:00:00,322.03,kWh,MTR-003
CLI-001,2026-05-23 11:00:00,529.25,kWh,MTR-001
CLI-002,2026-05-23 11:00:00,344.4,kWh,MTR-002
CLI-003,2026-05-23 11:00:00,351.36,kWh,MTR-003
CLI-001,2026-05-23 12:00:00,497.6,kWh,MTR-001
CLI-002,2026-05-23 12:00:00,313.19,kWh,MTR-002
CLI-003,2026-05-23 12:00:00,341.48,kWh,MTR-003
CLI-001,2026-05-23 13:00:00,497.7,kWh,MTR-001
CLI-002,2026-05-23 13:00:00,356.62,kWh,MTR-002
CLI-003,2026-05-23 13:00:00,350.11,kWh,MTR-003
CLI-001,2026-05-23 14:00:00,559.73,kWh,MTR-001
CLI-002,2026-05-23 14:00:00,461.81,kWh,MTR-002
CLI-003,2026-05-23 14:00:00,337.83,kWh,MTR-003
CLI-001,2026-05-23 15:00:00,529.1,kWh,MTR-001
CLI-002,2026-05-23 15:00:00,439.32,kWh,MTR-002
CLI-003,2026-05-23 15:00:00,356.64,kWh,MTR-003
CLI-001,2026-05-23 16:00:00,510.87,kWh,MTR-001
CLI-002,2026-05-23 16:00:00,438.35,kWh,MTR-002
CLI-003,2026-05-23 16:00:00,335.0,kWh,MTR-003
CLI-001,2026-05-23 17:00:00,515.64,kWh,MTR-001
CLI-002,2026-05-23 17:00:00,578.11,kWh,MTR-002
CLI-003,2026-05-23 17:00:00,357.93,kWh,MTR-003
CLI-001,2026-05-23 18:00:00,556.5,kWh,MTR-001
CLI-002,2026-05-23 18:00:00,575.51,kWh,MTR-002
CLI-003,2026-05-23 18:00:00,346.81,kWh,MTR-003
CLI-001,2026-05-23 19:00:00,549.2,kWh,MTR-001
CLI-002,2026-05-23 19:00:00,582.27,kWh,MTR-002
CLI-003,2026-05-23 19:00:00,348.11,kWh,MTR-003
CLI-001,2026-05-23 20:00:00,542.02,kWh,MTR-001
CLI-002,2026-05-23 20:00:00,640.78,kWh,MTR-002
CLI-003,2026-05-23 20:00:00,326.15,kWh,MTR-003
CLI-001,2026-05-23 21:00:00,506.54,kWh,MTR-001
CLI-002,2026-05-23 21:00:00,578.8,kWh,MTR-002
CLI-003,2026-05-23 21:00:00,342.32,kWh,MTR-003
CLI-001,2026-05-23 22:00:00,65.69,kWh,MTR-001
CLI-002,2026-05-23 22:00:00,602.16,kWh,MTR-002
CLI-003,2026-05-23 22:00:00,337.32,kWh,MTR-003
CLI-001,2026-05-23 23:00:00,76.83,kWh,MTR-001
CLI-002,2026-05-23 23:00:00,619.9,kWh,MTR-002
CLI-003,2026-05-23 23:00:00,350.24,kWh,MTR-003
CLI-001,2026-05-24 00:00:00,44.02,kWh,MTR-001
CLI-002,2026-05-24 00:00:00,639.96,kWh,MTR-002
CLI-003,2026-05-24 00:00:00,351.48,kWh,MTR-003
CLI-001,2026-05-24 01:00:00,31.73,kWh,MTR-001
CLI-002,2026-05-24 01:00:00,605.64,kWh,MTR-002
CLI-003,2026-05-24 01:00:00,346.43,kWh,MTR-003
CLI-001,2026-05-24 02:00:00,40.67,kWh,MTR-001
CLI-002,2026-05-24 02:00:00,602.37,kWh,MTR-002
CLI-003,2026-05-24 02:00:00,341.83,kWh,MTR-003
CLI-001,2026-05-24 03:00:00,32.88,kWh,MTR-001
CLI-002,2026-05-24 03:00:00,638.99,kWh,MTR-002
CLI-003,2026-05-24 03:00:00,349.17,kWh,MTR-003
CLI-001,2026-05-24 04:00:00,48.99,kWh,MTR-001
CLI-002,2026-05-24 04:00:00,613.85,kWh,MTR-002
CLI-003,2026-05-24 04:00:00,320.2,kWh,MTR-003
CLI-001,2026-05-24 05:00:00,40.74,kWh,MTR-001
CLI-002,2026-05-24 05:00:00,596.33,kWh,MTR-002
CLI-003,2026-05-24 05:00:00,356.14,kWh,MTR-003
CLI-001,2026-05-24 06:00:00,38.25,kWh,MTR-001
CLI-002,2026-05-24 06:00:00,610.88,kWh,MTR-002
CLI-003,2026-05-24 06:00:00,328.83,kWh,MTR-003
CLI-001,2026-05-24 07:00:00,33.89,kWh,MTR-001
CLI-002,2026-05-24 07:00:00,551.74,kWh,MTR-002
CLI-003,2026-05-24 07:00:00,357.29,kWh,MTR-003
CLI-001,2026-05-24 08:00:00,39.23,kWh,MTR-001
CLI-002,2026-05-24 08:00:00,487.01,kWh,MTR-002
CLI-003,2026-05-24 08:00:00,349.02,kWh,MTR-003
CLI-001,2026-05-24 09:00:00,36.62,kWh,MTR-001
CLI-002,2026-05-24 09:00:00,465.03,kWh,MTR-002
CLI-003,2026-05-24 09:00:00,356.0,kWh,MTR-003
CLI-001,2026-05-24 10:00:00,39.01,kWh,MTR-001
CLI-002,2026-05-24 10:00:00,357.72,kWh,MTR-002
CLI-003,2026-05-24 10:00:00,334.58,kWh,MTR-003
CLI-001,2026-05-24 11:00:00,38.57,kWh,MTR-001
CLI-001,2026-05-24 11:00:00,38.57,kWh,MTR-001
CLI-002,2026-05-24 11:00:00,365.96,kWh,MTR-002
CLI-003,2026-05-24 11:00:00,337.44,kWh,MTR-003
CLI-001,2026-05-24 12:00:00,32.69,kWh,MTR-001
CLI-002,2026-05-24 12:00:00,374.69,kWh,MTR-002
CLI-003,2026-05-24 12:00:00,332.22,kWh,MTR-003
CLI-001,2026-05-24 13:00:00,33.52,kWh,MTR-001
CLI-002,2026-05-24 13:00:00,337.49,kWh,MTR-002
CLI-003,2026-05-24 13:00:00,341.54,kWh,MTR-003
CLI-001,2026-05-24 14:00:00,47.73,kWh,MTR-001
CLI-002,2026-05-24 14:00:00,397.44,kWh,MTR-002
CLI-003,2026-05-24 14:00:00,321.25,kWh,MTR-003
CLI-001,2026-05-24 15:00:00,38.1,kWh,MTR-001
CLI-002,2026-05-24 15:00:00,446.19,kWh,MTR-002
CLI-003,2026-05-24 15:00:00,359.95,kWh,MTR-003
CLI-001,2026-05-24 16:00:00,45.5,kWh,MTR-001
CLI-002,2026-05-24 16:00:00,442.12,kWh,MTR-002
CLI-003,2026-05-24 16:00:00,331.64,kWh,MTR-003
CLI-001,2026-05-24 17:00:00,40.21,kWh,MTR-001
CLI-002,2026-05-24 17:00:00,536.51,kWh,MTR-002
CLI-003,2026-05-24 17:00:00,352.26,kWh,MTR-003
CLI-001,2026-05-24 18:00:00,33.32,kWh,MTR-001
CLI-002,2026-05-24 18:00:00,606.24,kWh,MTR-002
CLI-003,2026-05-24 18:00:00,357.95,kWh,MTR-003
CLI-001,2026-05-24 19:00:00,49.35,kWh,MTR-001
CLI-002,2026-05-24 19:00:00,608.85,kWh,MTR-002
CLI-003,2026-05-24 19:00:00,328.75,kWh,MTR-003
CLI-001,2026-05-24 20:00:00,31.26,kWh,MTR-001
CLI-002,2026-05-24 20:00:00,578.0,kWh,MTR-002
CLI-003,2026-05-24 20:00:00,356.31,kWh,MTR-003
CLI-001,2026-05-24 21:00:00,39.39,kWh,MTR-001
CLI-002,2026-05-24 21:00:00,578.25,kWh,MTR-002
CLI-003,2026-05-24 21:00:00,332.96,kWh,MTR-003
CLI-001,2026-05-24 22:00:00,40.43,kWh,MTR-001
CLI-002,2026-05-24 22:00:00,633.44,kWh,MTR-002
CLI-003,2026-05-24 22:00:00,341.77,kWh,MTR-003
CLI-001,2026-05-24 23:00:00,43.07,kWh,MTR-001
CLI-002,2026-05-24 23:00:00,620.73,kWh,MTR-002
CLI-003,2026-05-24 23:00:00,340.67,kWh,MTR-003
CLI-001,2026-05-25 00:00:00,82.68,kWh,MTR-001
CLI-002,2026-05-25 00:00:00,599.7,kWh,MTR-002
CLI-003,2026-05-25 00:00:00,339.47,kWh,MTR-003
CLI-001,2026-05-25 01:00:00,75.11,kWh,MTR-001
CLI-002,2026-05-25 01:00:00,584.73,kWh,MTR-002
CLI-003,2026-05-25 01:00:00,323.08,kWh,MTR-003
CLI-001,2026-05-25 02:00:00,65.29,kWh,MTR-001
CLI-002,2026-05-25 02:00:00,600.36,kWh,MTR-002
CLI-003,2026-05-25 02:00:00,324.73,kWh,MTR-003
CLI-001,2026-05-25 03:00:00,80.28,kWh,MTR-001
CLI-002,2026-05-25 03:00:00,608.71,kWh,MTR-002
CLI-003,2026-05-25 03:00:00,328.43,kWh,MTR-003
CLI-001,2026-05-25 04:00:00,80.83,kWh,MTR-001
CLI-002,2026-05-25 04:00:00,578.02,kWh,MTR-002
CLI-003,2026-05-25 04:00:00,326.45,kWh,MTR-003
CLI-001,2026-05-25 05:00:00,60.98,kWh,MTR-001
CLI-002,2026-05-25 05:00:00,578.91,kWh,MTR-002
CLI-003,2026-05-25 05:00:00,327.2,kWh,MTR-003
CLI-001,2026-05-25 06:00:00,587.95,kWh,MTR-001
CLI-002,2026-05-25 06:00:00,576.3,kWh,MTR-002
CLI-003,2026-05-25 06:00:00,346.47,kWh,MTR-003
CLI-001,2026-05-25 07:00:00,546.86,kWh,MTR-001
CLI-002,2026-05-25 07:00:00,564.81,kWh,MTR-002
CLI-003,2026-05-25 07:00:00,486.24,kWh,MTR-003
CLI-001,2026-05-25 08:00:00,545.64,kWh,MTR-001
CLI-002,2026-05-25 08:00:00,501.6,kWh,MTR-002
CLI-003,2026-05-25 08:00:00,462.31,kWh,MTR-003
CLI-001,2026-05-25 09:00:00,498.39,kWh,MTR-001
CLI-002,2026-05-25 09:00:00,418.5,kWh,MTR-002
CLI-003,2026-05-25 09:00:00,467.77,kWh,MTR-003
CLI-001,2026-05-25 10:00:00,487.7,kWh,MTR-001
CLI-002,2026-05-25 10:00:00,433.18,kWh,MTR-002
CLI-003,2026-05-25 10:00:00,458.66,kWh,MTR-003
CLI-001,2026-05-25 11:00:00,490.43,kWh,MTR-001
CLI-002,2026-05-25 11:00:00,332.28,kWh,MTR-002
CLI-003,2026-05-25 11:00:00,476.63,kWh,MTR-003
CLI-001,2026-05-25 12:00:00,483.48,kWh,MTR-001
CLI-002,2026-05-25 12:00:00,290.6,kWh,MTR-002
CLI-003,2026-05-25 12:00:00,467.92,kWh,MTR-003
CLI-001,2026-05-25 13:00:00,540.92,kWh,MTR-001
CLI-002,2026-05-25 13:00:00,365.22,kWh,MTR-002
CLI-003,2026-05-25 13:00:00,470.07,kWh,MTR-003
CLI-001,2026-05-25 14:00:00,550.14,kWh,MTR-001
CLI-002,2026-05-25 14:00:00,337.22,kWh,MTR-002
CLI-003,2026-05-25 14:00:00,,kWh,MTR-003
CLI-001,2026-05-25 15:00:00,532.36,kWh,MTR-001
CLI-002,2026-05-25 15:00:00,420.13,kWh,MTR-002
CLI-003,2026-05-25 15:00:00,468.67,kWh,MTR-003
CLI-001,2026-05-25 16:00:00,513.88,kWh,MTR-001
CLI-002,2026-05-25 16:00:00,450.99,kWh,MTR-002
CLI-003,2026-05-25 16:00:00,475.04,kWh,MTR-003
CLI-001,2026-05-25 17:00:00,509.62,kWh,MTR-001
CLI-002,2026-05-25 17:00:00,529.62,kWh,MTR-002
CLI-003,2026-05-25 17:00:00,485.29,kWh,MTR-003
CLI-001,2026-05-25 18:00:00,532.74,kWh,MTR-001
CLI-002,2026-05-25 18:00:00,606.26,kWh,MTR-002
CLI-003,2026-05-25 18:00:00,447.91,kWh,MTR-003
CLI-001,2026-05-25 19:00:00,507.08,kWh,MTR-001
CLI-002,2026-05-25 19:00:00,623.79,kWh,MTR-002
CLI-003,2026-05-25 19:00:00,326.43,kWh,MTR-003
CLI-001,2026-05-25 20:00:00,480.42,kWh,MTR-001
CLI-002,2026-05-25 20:00:00,585.17,kWh,MTR-002
CLI-003,2026-05-25 20:00:00,337.42,kWh,MTR-003
CLI-001,2026-05-25 21:00:00,497.74,kWh,MTR-001
CLI-002,2026-05-25 21:00:00,577.64,kWh,MTR-002
CLI-003,2026-05-25 21:00:00,359.38,kWh,MTR-003
CLI-001,2026-05-25 22:00:00,73.03,kWh,MTR-001
CLI-002,2026-05-25 22:00:00,616.82,kWh,MTR-002
CLI-003,2026-05-25 22:00:00,352.81,kWh,MTR-003
CLI-001,2026-05-25 23:00:00,70.97,kWh,MTR-001
CLI-002,2026-05-25 23:00:00,620.98,kWh,MTR-002
CLI-003,2026-05-25 23:00:00,331.44,kWh,MTR-003
CLI-001,2026-05-26 00:00:00,74.99,kWh,MTR-001
CLI-002,2026-05-26 00:00:00,591.22,kWh,MTR-002
CLI-003,2026-05-26 00:00:00,321.44,kWh,MTR-003
CLI-001,2026-05-26 01:00:00,60.01,kWh,MTR-001
CLI-002,2026-05-26 01:00:00,644.78,kWh,MTR-002
CLI-003,2026-05-26 01:00:00,334.13,kWh,MTR-003
CLI-001,2026-05-26 02:00:00,74.65,kWh,MTR-001
CLI-002,2026-05-26 02:00:00,626.58,kWh,MTR-002
CLI-003,2026-05-26 02:00:00,323.61,kWh,MTR-003
CLI-001,2026-05-26 03:00:00,80.74,kWh,MTR-001
CLI-002,2026-05-26 03:00:00,599.37,kWh,MTR-002
CLI-003,2026-05-26 03:00:00,331.06,kWh,MTR-003
CLI-001,2026-05-26 04:00:00,64.86,kWh,MTR-001
CLI-002,2026-05-26 04:00:00,615.24,kWh,MTR-002
CLI-003,2026-05-26 04:00:00,336.29,kWh,MTR-003
CLI-001,2026-05-26 05:00:00,61.81,kWh,MTR-001
CLI-002,2026-05-26 05:00:00,641.29,kWh,MTR-002
CLI-003,2026-05-26 05:00:00,358.27,kWh,MTR-003
CLI-001,2026-05-26 06:00:00,605.05,kWh,MTR-001
CLI-002,2026-05-26 06:00:00,623.59,kWh,MTR-002
CLI-003,2026-05-26 06:00:00,342.53,kWh,MTR-003
CLI-001,2026-05-26 07:00:00,600.6,kWh,MTR-001
CLI-002,2026-05-26 07:00:00,539.43,kWh,MTR-002
CLI-003,2026-05-26 07:00:00,439.58,kWh,MTR-003
CLI-001,2026-05-26 08:00:00,530.69,kWh,MTR-001
CLI-002,2026-05-26 08:00:00,504.78,kWh,MTR-002
CLI-003,2026-05-26 08:00:00,,kWh,MTR-003
CLI-001,2026-05-26 09:00:00,546.57,kWh,MTR-001
CLI-002,2026-05-26 09:00:00,379.42,kWh,MTR-002
CLI-003,2026-05-26 09:00:00,465.98,kWh,MTR-003
CLI-001,2026-05-26 10:00:00,508.28,kWh,MTR-001
CLI-002,2026-05-26 10:00:00,319.33,kWh,MTR-002
CLI-003,2026-05-26 10:00:00,486.37,kWh,MTR-003
CLI-001,2026-05-26 11:00:00,538.83,kWh,MTR-001
CLI-002,2026-05-26 11:00:00,365.27,kWh,MTR-002
CLI-003,2026-05-26 11:00:00,464.42,kWh,MTR-003
CLI-001,2026-05-26 12:00:00,553.62,kWh,MTR-001
CLI-002,2026-05-26 12:00:00,342.46,kWh,MTR-002
CLI-003,2026-05-26 12:00:00,457.93,kWh,MTR-003
CLI-001,2026-05-26 13:00:00,529.65,kWh,MTR-001
CLI-002,2026-05-26 13:00:00,343.32,kWh,MTR-002
CLI-003,2026-05-26 13:00:00,484.16,kWh,MTR-003
CLI-001,2026-05-26 14:00:00,502.42,kWh,MTR-001
CLI-002,2026-05-26 14:00:00,429.02,kWh,MTR-002
CLI-003,2026-05-26 14:00:00,470.36,kWh,MTR-003
CLI-001,2026-05-26 15:00:00,511.5,kWh,MTR-001
CLI-002,2026-05-26 15:00:00,360.73,kWh,MTR-002
CLI-003,2026-05-26 15:00:00,474.08,kWh,MTR-003
CLI-001,2026-05-26 16:00:00,496.86,kWh,MTR-001
CLI-002,2026-05-26 16:00:00,458.35,kWh,MTR-002
CLI-003,2026-05-26 16:00:00,464.06,kWh,MTR-003
CLI-001,2026-05-26 17:00:00,529.05,kWh,MTR-001
CLI-002,2026-05-26 17:00:00,549.61,kWh,MTR-002
CLI-003,2026-05-26 17:00:00,475.52,kWh,MTR-003
CLI-001,2026-05-26 18:00:00,494.39,kWh,MTR-001
CLI-002,2026-05-26 18:00:00,615.31,kWh,MTR-002
CLI-003,2026-05-26 18:00:00,447.09,kWh,MTR-003
CLI-001,2026-05-26 19:00:00,514.58,kWh,MTR-001
CLI-002,2026-05-26 19:00:00,585.21,kWh,MTR-002
CLI-003,2026-05-26 19:00:00,325.98,kWh,MTR-003
CLI-001,2026-05-26 20:00:00,494.13,kWh,MTR-001
CLI-002,2026-05-26 20:00:00,644.69,kWh,MTR-002
CLI-003,2026-05-26 20:00:00,340.68,kWh,MTR-003
CLI-001,2026-05-26 21:00:00,542.83,kWh,MTR-001
CLI-002,2026-05-26 21:00:00,614.35,kWh,MTR-002
CLI-003,2026-05-26 21:00:00,335.94,kWh,MTR-003
CLI-001,2026-05-26 22:00:00,61.5,kWh,MTR-001
CLI-002,2026-05-26 22:00:00,608.36,kWh,MTR-002
CLI-003,2026-05-26 22:00:00,337.99,kWh,MTR-003
CLI-001,2026-05-26 23:00:00,69.02,kWh,MTR-001
CLI-002,2026-05-26 23:00:00,640.23,kWh,MTR-002
CLI-003,2026-05-26 23:00:00,320.79,kWh,MTR-003
CLI-001,2026-05-27 00:00:00,81.68,kWh,MTR-001
CLI-002,2026-05-27 00:00:00,588.93,kWh,MTR-002
CLI-003,2026-05-27 00:00:00,345.97,kWh,MTR-003
CLI-001,2026-05-27 01:00:00,79.51,kWh,MTR-001
CLI-002,2026-05-27 01:00:00,622.12,kWh,MTR-002
CLI-003,2026-05-27 01:00:00,349.46,kWh,MTR-003
CLI-001,2026-05-27 02:00:00,69.53,kWh,MTR-001
CLI-002,2026-05-27 02:00:00,619.22,kWh,MTR-002
CLI-003,2026-05-27 02:00:00,326.7,kWh,MTR-003
CLI-001,2026-05-27 03:00:00,68.43,kWh,MTR-001
CLI-002,2026-05-27 03:00:00,615.01,kWh,MTR-002
CLI-003,2026-05-27 03:00:00,322.85,kWh,MTR-003
CLI-001,2026-05-27 04:00:00,65.71,kWh,MTR-001
CLI-002,2026-05-27 04:00:00,595.39,kWh,MTR-002
CLI-003,2026-05-27 04:00:00,345.79,kWh,MTR-003
CLI-001,2026-05-27 05:00:00,71.12,kWh,MTR-001
CLI-002,2026-05-27 05:00:00,600.42,kWh,MTR-002
CLI-003,2026-05-27 05:00:00,358.62,kWh,MTR-003
CLI-001,2026-05-27 06:00:00,554.71,kWh,MTR-001
CLI-002,2026-05-27 06:00:00,625.94,kWh,MTR-002
CLI-003,2026-05-27 06:00:00,357.62,kWh,MTR-003
CLI-001,2026-05-27 07:00:00,546.41,kWh,MTR-001
CLI-002,2026-05-27 07:00:00,526.24,kWh,MTR-002
CLI-003,2026-05-27 07:00:00,457.73,kWh,MTR-003
CLI-001,2026-05-27 08:00:00,541.2,kWh,MTR-001
CLI-002,2026-05-27 08:00:00,480.02,kWh,MTR-002
CLI-003,2026-05-27 08:00:00,479.7,kWh,MTR-003
CLI-001,2026-05-27 09:00:00,502.73,kWh,MTR-001
CLI-002,2026-05-27 09:00:00,368.81,kWh,MTR-002
CLI-003,2026-05-27 09:00:00,487.35,kWh,MTR-003
CLI-001,2026-05-27 10:00:00,518.09,kWh,MTR-001
CLI-002,2026-05-27 10:00:00,404.95,kWh,MTR-002
CLI-003,2026-05-27 10:00:00,494.71,kWh,MTR-003
CLI-001,2026-05-27 11:00:00,527.81,kWh,MTR-001
CLI-002,2026-05-27 11:00:00,355.53,kWh,MTR-002
CLI-003,2026-05-27 11:00:00,469.87,kWh,MTR-003
CLI-001,2026-05-27 12:00:00,523.17,kWh,MTR-001
CLI-002,2026-05-27 12:00:00,355.23,kWh,MTR-002
CLI-003,2026-05-27 12:00:00,447.15,kWh,MTR-003
CLI-001,2026-05-27 13:00:00,547.84,kWh,MTR-001
CLI-002,2026-05-27 13:00:00,405.05,kWh,MTR-002
CLI-003,2026-05-27 13:00:00,,kWh,MTR-003
CLI-001,2026-05-27 14:00:00,514.43,kWh,MTR-001
CLI-002,2026-05-27 14:00:00,409.47,kWh,MTR-002
CLI-003,2026-05-27 14:00:00,468.29,kWh,MTR-003
CLI-001,2026-05-27 15:00:00,493.06,kWh,MTR-001
CLI-002,2026-05-27 15:00:00,424.0,kWh,MTR-002
CLI-003,2026-05-27 15:00:00,459.08,kWh,MTR-003
CLI-001,2026-05-27 16:00:00,552.8,kWh,MTR-001
CLI-002,2026-05-27 16:00:00,502.2,kWh,MTR-002
CLI-003,2026-05-27 16:00:00,479.74,kWh,MTR-003
CLI-001,2026-05-27 17:00:00,494.59,kWh,MTR-001
CLI-002,2026-05-27 17:00:00,547.26,kWh,MTR-002
CLI-003,2026-05-27 17:00:00,465.54,kWh,MTR-003
CLI-001,2026-05-27 18:00:00,483.97,kWh,MTR-001
CLI-002,2026-05-27 18:00:00,588.02,kWh,MTR-002
CLI-003,2026-05-27 18:00:00,467.22,kWh,MTR-003
CLI-001,2026-05-27 19:00:00,498.62,kWh,MTR-001
CLI-002,2026-05-27 19:00:00,609.55,kWh,MTR-002
CLI-003,2026-05-27 19:00:00,332.46,kWh,MTR-003
CLI-001,2026-05-27 20:00:00,559.84,kWh,MTR-001
CLI-002,2026-05-27 20:00:00,630.4,kWh,MTR-002
CLI-003,2026-05-27 20:00:00,353.74,kWh,MTR-003
CLI-001,2026-05-27 21:00:00,484.48,kWh,MTR-001
CLI-002,2026-05-27 21:00:00,580.0,kWh,MTR-002
CLI-003,2026-05-27 21:00:00,327.69,kWh,MTR-003
CLI-001,2026-05-27 22:00:00,80.43,kWh,MTR-001
CLI-002,2026-05-27 22:00:00,583.54,kWh,MTR-002
CLI-003,2026-05-27 22:00:00,329.96,kWh,MTR-003
CLI-001,2026-05-27 23:00:00,71.07,kWh,MTR-001
CLI-002,2026-05-27 23:00:00,577.35,kWh,MTR-002
CLI-003,2026-05-27 23:00:00,350.84,kWh,MTR-003
CLI-001,2026-05-28 00:00:00,84.55,kWh,MTR-001
CLI-002,2026-05-28 00:00:00,622.7,kWh,MTR-002
CLI-003,2026-05-28 00:00:00,332.92,kWh,MTR-003
CLI-001,2026-05-28 01:00:00,61.05,kWh,MTR-001
CLI-002,2026-05-28 01:00:00,611.46,kWh,MTR-002
CLI-003,2026-05-28 01:00:00,345.54,kWh,MTR-003
CLI-001,2026-05-28 02:00:00,82.19,kWh,MTR-001
CLI-002,2026-05-28 02:00:00,590.25,kWh,MTR-002
CLI-003,2026-05-28 02:00:00,345.32,kWh,MTR-003
CLI-001,2026-05-28 03:00:00,64.18,kWh,MTR-001
CLI-002,2026-05-28 03:00:00,583.38,kWh,MTR-002
CLI-003,2026-05-28 03:00:00,320.36,kWh,MTR-003
CLI-001,2026-05-28 04:00:00,79.59,kWh,MTR-001
CLI-002,2026-05-28 04:00:00,616.73,kWh,MTR-002
CLI-003,2026-05-28 04:00:00,323.58,kWh,MTR-003
CLI-001,2026-05-28 05:00:00,62.29,kWh,MTR-001
CLI-002,2026-05-28 05:00:00,640.16,kWh,MTR-002
CLI-002,2026-05-28 05:00:00,643.36,kWh,MTR-002
CLI-003,2026-05-28 05:00:00,322.39,kWh,MTR-003
CLI-001,2026-05-28 06:00:00,596.11,kWh,MTR-001
CLI-002,2026-05-28 06:00:00,583.81,kWh,MTR-002
CLI-003,2026-05-28 06:00:00,359.27,kWh,MTR-003
CLI-001,2026-05-28 07:00:00,600.54,kWh,MTR-001
CLI-002,2026-05-28 07:00:00,545.92,kWh,MTR-002
CLI-003,2026-05-28 07:00:00,453.37,kWh,MTR-003
CLI-001,2026-05-28 08:00:00,518.82,kWh,MTR-001
CLI-002,2026-05-28 08:00:00,451.4,kWh,MTR-002
CLI-003,2026-05-28 08:00:00,452.9,kWh,MTR-003
CLI-001,2026-05-28 09:00:00,502.03,kWh,MTR-001
CLI-002,2026-05-28 09:00:00,446.53,kWh,MTR-002
CLI-003,2026-05-28 09:00:00,450.07,kWh,MTR-003
CLI-001,2026-05-28 10:00:00,36624.3,kWh,MTR-001
CLI-002,2026-05-28 10:00:00,402.22,kWh,MTR-002
CLI-003,2026-05-28 10:00:00,492.55,kWh,MTR-003
CLI-001,2026-05-28 11:00:00,537.68,kWh,MTR-001
CLI-002,2026-05-28 11:00:00,368.18,kWh,MTR-002
CLI-003,2026-05-28 11:00:00,471.45,kWh,MTR-003
CLI-001,2026-05-28 12:00:00,505.81,kWh,MTR-001
CLI-002,2026-05-28 12:00:00,314.09,kWh,MTR-002
CLI-003,2026-05-28 12:00:00,472.3,kWh,MTR-003
CLI-001,2026-05-28 13:00:00,496.17,kWh,MTR-001
CLI-002,2026-05-28 13:00:00,317.16,kWh,MTR-002
CLI-003,2026-05-28 13:00:00,477.09,kWh,MTR-003
CLI-001,2026-05-28 14:00:00,500.48,kWh,MTR-001
CLI-002,2026-05-28 14:00:00,429.42,kWh,MTR-002
CLI-003,2026-05-28 14:00:00,458.09,kWh,MTR-003
CLI-001,2026-05-28 15:00:00,486.4,kWh,MTR-001
CLI-002,2026-05-28 15:00:00,386.48,kWh,MTR-002
CLI-003,2026-05-28 15:00:00,462.71,kWh,MTR-003
CLI-001,2026-05-28 16:00:00,545.89,kWh,MTR-001
CLI-002,2026-05-28 16:00:00,469.33,kWh,MTR-002
CLI-003,2026-05-28 16:00:00,501.6,kWh,MTR-003
CLI-001,2026-05-28 17:00:00,538.01,kWh,MTR-001
CLI-002,2026-05-28 17:00:00,518.64,kWh,MTR-002
CLI-003,2026-05-28 17:00:00,465.38,kWh,MTR-003
CLI-001,2026-05-28 18:00:00,513.21,kWh,MTR-001
CLI-002,2026-05-28 18:00:00,619.7,kWh,MTR-002
CLI-003,2026-05-28 18:00:00,473.31,kWh,MTR-003
CLI-001,2026-05-28 19:00:00,493.34,kWh,MTR-001
CLI-002,2026-05-28 19:00:00,603.11,kWh,MTR-002
CLI-003,2026-05-28 19:00:00,-90.46,kWh,MTR-003
CLI-001,2026-05-28 20:00:00,508.19,kWh,MTR-001
CLI-002,2026-05-28 20:00:00,644.4,kWh,MTR-002
CLI-003,2026-05-28 20:00:00,334.87,kWh,MTR-003
CLI-001,2026-05-28 21:00:00,514.45,kWh,MTR-001
CLI-002,2026-05-28 21:00:00,617.59,kWh,MTR-002
CLI-003,2026-05-28 21:00:00,328.56,kWh,MTR-003
CLI-001,2026-05-28 22:00:00,83.15,kWh,MTR-001
CLI-002,2026-05-28 22:00:00,642.32,kWh,MTR-002
CLI-003,2026-05-28 22:00:00,335.88,kWh,MTR-003
CLI-001,2026-05-28 23:00:00,84.57,kWh,MTR-001
CLI-002,2026-05-28 23:00:00,611.23,kWh,MTR-002
CLI-003,2026-05-28 23:00:00,332.07,kWh,MTR-003
CLI-001,2026-05-29 00:00:00,65.55,kWh,MTR-001
CLI-002,2026-05-29 00:00:00,576.52,kWh,MTR-002
CLI-003,2026-05-29 00:00:00,347.59,kWh,MTR-003
CLI-001,2026-05-29 01:00:00,73.84,kWh,MTR-001
CLI-002,2026-05-29 01:00:00,639.81,kWh,MTR-002
CLI-003,2026-05-29 01:00:00,321.51,kWh,MTR-003
CLI-001,2026-05-29 02:00:00,63.46,kWh,MTR-001
CLI-002,2026-05-29 02:00:00,615.75,kWh,MTR-002
CLI-003,2026-05-29 02:00:00,352.44,kWh,MTR-003
CLI-001,2026-05-29 03:00:00,69.99,kWh,MTR-001
CLI-002,2026-05-29 03:00:00,626.4,kWh,MTR-002
CLI-003,2026-05-29 03:00:00,351.72,kWh,MTR-003
CLI-001,2026-05-29 04:00:00,80.64,kWh,MTR-001
CLI-002,2026-05-29 04:00:00,615.34,kWh,MTR-002
CLI-003,2026-05-29 04:00:00,343.81,kWh,MTR-003
CLI-001,2026-05-29 05:00:00,78.27,kWh,MTR-001
CLI-002,2026-05-29 05:00:00,580.49,kWh,MTR-002
CLI-003,2026-05-29 05:00:00,350.84,kWh,MTR-003
CLI-001,2026-05-29 06:00:00,605.37,kWh,MTR-001
CLI-002,2026-05-29 06:00:00,635.75,kWh,MTR-002
CLI-003,2026-05-29 06:00:00,329.07,kWh,MTR-003
CLI-001,2026-05-29 07:00:00,588.18,kWh,MTR-001
CLI-002,2026-05-29 07:00:00,564.04,kWh,MTR-002
CLI-003,2026-05-29 07:00:00,452.85,kWh,MTR-003
CLI-001,2026-05-29 08:00:00,520.19,kWh,MTR-001
CLI-002,2026-05-29 08:00:00,432.34,kWh,MTR-002
CLI-003,2026-05-29 08:00:00,470.68,kWh,MTR-003
CLI-001,2026-05-29 09:00:00,497.77,kWh,MTR-001
CLI-002,2026-05-29 09:00:00,444.16,kWh,MTR-002
CLI-003,2026-05-29 09:00:00,459.34,kWh,MTR-003
CLI-001,2026-05-29 10:00:00,486.81,kWh,MTR-001
CLI-002,2026-05-29 10:00:00,435.3,kWh,MTR-002
CLI-003,2026-05-29 10:00:00,472.01,kWh,MTR-003
CLI-001,2026-05-29 11:00:00,495.69,kWh,MTR-001
CLI-002,2026-05-29 11:00:00,397.5,kWh,MTR-002
CLI-003,2026-05-29 11:00:00,475.77,kWh,MTR-003
CLI-001,2026-05-29 12:00:00,487.17,kWh,MTR-001
CLI-002,2026-05-29 12:00:00,355.94,kWh,MTR-002
CLI-003,2026-05-29 12:00:00,459.48,kWh,MTR-003
CLI-001,2026-05-29 13:00:00,559.01,kWh,MTR-001
CLI-002,2026-05-29 13:00:00,393.74,kWh,MTR-002
CLI-003,2026-05-29 13:00:00,461.34,kWh,MTR-003
CLI-001,2026-05-29 14:00:00,509.91,kWh,MTR-001
CLI-002,2026-05-29 14:00:00,442.6,kWh,MTR-002
CLI-003,2026-05-29 14:00:00,500.76,kWh,MTR-003
CLI-001,2026-05-29 15:00:00,545.61,kWh,MTR-001
CLI-002,2026-05-29 15:00:00,466.81,kWh,MTR-002
CLI-003,2026-05-29 15:00:00,442.18,kWh,MTR-003
CLI-001,2026-05-29 16:00:00,496.3,kWh,MTR-001
CLI-002,2026-05-29 16:00:00,461.07,kWh,MTR-002
CLI-003,2026-05-29 16:00:00,461.62,kWh,MTR-003
CLI-001,2026-05-29 17:00:00,526.64,kWh,MTR-001
CLI-002,2026-05-29 17:00:00,518.93,kWh,MTR-002
CLI-003,2026-05-29 17:00:00,485.11,kWh,MTR-003
CLI-001,2026-05-29 18:00:00,,kWh,MTR-001
CLI-002,2026-05-29 18:00:00,602.21,kWh,MTR-002
CLI-003,2026-05-29 18:00:00,488.89,kWh,MTR-003
CLI-001,2026-05-29 19:00:00,481.53,kWh,MTR-001
CLI-002,2026-05-29 19:00:00,620.46,kWh,MTR-002
CLI-003,2026-05-29 19:00:00,335.23,kWh,MTR-003
CLI-001,2026-05-29 20:00:00,487.97,kWh,MTR-001
CLI-002,2026-05-29 20:00:00,635.67,kWh,MTR-002
CLI-003,2026-05-29 20:00:00,327.46,kWh,MTR-003
CLI-001,2026-05-29 21:00:00,516.64,kWh,MTR-001
CLI-002,2026-05-29 21:00:00,576.5,kWh,MTR-002
CLI-003,2026-05-29 21:00:00,341.18,kWh,MTR-003
CLI-001,2026-05-29 22:00:00,69.83,kWh,MTR-001
CLI-002,2026-05-29 22:00:00,599.27,kWh,MTR-002
CLI-003,2026-05-29 22:00:00,345.01,kWh,MTR-003
CLI-001,2026-05-29 23:00:00,84.46,kWh,MTR-001
CLI-002,2026-05-29 23:00:00,631.83,kWh,MTR-002
CLI-003,2026-05-29 23:00:00,355.15,kWh,MTR-003
CLI-001,2026-05-30 00:00:00,80.37,kWh,MTR-001
CLI-002,2026-05-30 00:00:00,613.85,kWh,MTR-002
CLI-003,2026-05-30 00:00:00,326.07,kWh,MTR-003
CLI-001,2026-05-30 01:00:00,76.42,kWh,MTR-001
CLI-002,2026-05-30 01:00:00,601.75,kWh,MTR-002
CLI-003,2026-05-30 01:00:00,344.5,kWh,MTR-003
CLI-001,2026-05-30 02:00:00,65.69,kWh,MTR-001
CLI-002,2026-05-30 02:00:00,585.69,kWh,MTR-002
CLI-003,2026-05-30 02:00:00,356.39,kWh,MTR-003
CLI-001,2026-05-30 03:00:00,73.56,kWh,MTR-001
CLI-002,2026-05-30 03:00:00,584.7,kWh,MTR-002
CLI-003,2026-05-30 03:00:00,352.0,kWh,MTR-003
CLI-001,2026-05-30 04:00:00,67.72,kWh,MTR-001
CLI-002,2026-05-30 04:00:00,611.67,kWh,MTR-002
CLI-003,2026-05-30 04:00:00,359.83,kWh,MTR-003
CLI-001,2026-05-30 05:00:00,63.63,kWh,MTR-001
CLI-002,2026-05-30 05:00:00,639.2,kWh,MTR-002
CLI-003,2026-05-30 05:00:00,342.29,kWh,MTR-003
CLI-001,2026-05-30 06:00:00,549.47,kWh,MTR-001
CLI-002,2026-05-30 06:00:00,636.57,kWh,MTR-002
CLI-003,2026-05-30 06:00:00,350.62,kWh,MTR-003
CLI-001,2026-05-30 07:00:00,573.12,kWh,MTR-001
CLI-002,2026-05-30 07:00:00,524.37,kWh,MTR-002
CLI-003,2026-05-30 07:00:00,357.33,kWh,MTR-003
CLI-001,2026-05-30 08:00:00,542.33,kWh,MTR-001
CLI-002,2026-05-30 08:00:00,439.97,kWh,MTR-002
CLI-003,2026-05-30 08:00:00,330.67,kWh,MTR-003
CLI-001,2026-05-30 09:00:00,498.47,kWh,MTR-001
CLI-002,2026-05-30 09:00:00,446.37,kWh,MTR-002
CLI-003,2026-05-30 09:00:00,339.06,kWh,MTR-003
CLI-001,2026-05-30 10:00:00,528.38,kWh,MTR-001
CLI-002,2026-05-30 10:00:00,336.05,kWh,MTR-002
CLI-003,2026-05-30 10:00:00,325.5,kWh,MTR-003
CLI-001,2026-05-30 11:00:00,482.58,kWh,MTR-001
CLI-002,2026-05-30 11:00:00,344.46,kWh,MTR-002
CLI-003,2026-05-30 11:00:00,349.69,kWh,MTR-003
CLI-001,2026-05-30 12:00:00,540.62,kWh,MTR-001
CLI-002,2026-05-30 12:00:00,318.54,kWh,MTR-002
CLI-003,2026-05-30 12:00:00,339.6,kWh,MTR-003
CLI-001,2026-05-30 13:00:00,516.6,kWh,MTR-001
CLI-002,2026-05-30 13:00:00,396.86,kWh,MTR-002
CLI-003,2026-05-30 13:00:00,335.21,kWh,MTR-003
CLI-001,2026-05-30 14:00:00,528.92,kWh,MTR-001
CLI-002,2026-05-30 14:00:00,383.71,kWh,MTR-002
CLI-003,2026-05-30 14:00:00,351.48,kWh,MTR-003
CLI-001,2026-05-30 15:00:00,516.13,kWh,MTR-001
CLI-002,2026-05-30 15:00:00,349.91,kWh,MTR-002
CLI-003,2026-05-30 15:00:00,335.82,kWh,MTR-003
CLI-001,2026-05-30 16:00:00,524.62,kWh,MTR-001
CLI-002,2026-05-30 16:00:00,511.84,kWh,MTR-002
CLI-003,2026-05-30 16:00:00,335.92,kWh,MTR-003
CLI-001,2026-05-30 17:00:00,546.21,kWh,MTR-001
CLI-002,2026-05-30 17:00:00,532.39,kWh,MTR-002
CLI-003,2026-05-30 17:00:00,340.68,kWh,MTR-003
CLI-001,2026-05-30 18:00:00,546.39,kWh,MTR-001
CLI-002,2026-05-30 18:00:00,625.59,kWh,MTR-002
CLI-003,2026-05-30 18:00:00,351.15,kWh,MTR-003
CLI-001,2026-05-30 19:00:00,535.69,kWh,MTR-001
CLI-002,2026-05-30 19:00:00,603.95,kWh,MTR-002
CLI-003,2026-05-30 19:00:00,327.16,kWh,MTR-003
CLI-001,2026-05-30 20:00:00,537.01,kWh,MTR-001
CLI-002,2026-05-30 20:00:00,606.83,kWh,MTR-002
CLI-003,2026-05-30 20:00:00,347.67,kWh,MTR-003
CLI-001,2026-05-30 21:00:00,543.72,kWh,MTR-001
CLI-002,2026-05-30 21:00:00,583.65,kWh,MTR-002
CLI-003,2026-05-30 21:00:00,337.98,kWh,MTR-003
CLI-001,2026-05-30 22:00:00,73.1,kWh,MTR-001
CLI-002,2026-05-30 22:00:00,630.37,kWh,MTR-002
CLI-003,2026-05-30 22:00:00,357.99,kWh,MTR-003
CLI-001,2026-05-30 23:00:00,69.52,kWh,MTR-001
CLI-002,2026-05-30 23:00:00,638.86,kWh,MTR-002
CLI-003,2026-05-30 23:00:00,346.38,kWh,MTR-003
CLI-001,2026-05-31 00:00:00,47.38,kWh,MTR-001
CLI-002,2026-05-31 00:00:00,624.84,kWh,MTR-002
CLI-003,2026-05-31 00:00:00,332.38,kWh,MTR-003
CLI-001,2026-05-31 01:00:00,38.93,kWh,MTR-001
CLI-002,2026-05-31 01:00:00,583.23,kWh,MTR-002
CLI-003,2026-05-31 01:00:00,328.11,kWh,MTR-003
CLI-001,2026-05-31 02:00:00,35.06,kWh,MTR-001
CLI-002,2026-05-31 02:00:00,634.88,kWh,MTR-002
CLI-003,2026-05-31 02:00:00,320.23,kWh,MTR-003
CLI-001,2026-05-31 03:00:00,34.76,kWh,MTR-001
CLI-002,2026-05-31 03:00:00,608.3,kWh,MTR-002
CLI-003,2026-05-31 03:00:00,323.18,kWh,MTR-003
CLI-001,2026-05-31 04:00:00,34.89,kWh,MTR-001
CLI-002,2026-05-31 04:00:00,618.38,kWh,MTR-002
CLI-003,2026-05-31 04:00:00,353.01,kWh,MTR-003
CLI-001,2026-05-31 05:00:00,32.97,kWh,MTR-001
CLI-002,2026-05-31 05:00:00,577.57,kWh,MTR-002
CLI-003,2026-05-31 05:00:00,346.68,kWh,MTR-003
CLI-001,2026-05-31 06:00:00,35.97,kWh,MTR-001
CLI-002,2026-05-31 06:00:00,578.43,kWh,MTR-002
CLI-003,2026-05-31 06:00:00,327.13,kWh,MTR-003
CLI-001,2026-05-31 07:00:00,42.22,kWh,MTR-001
CLI-002,2026-05-31 07:00:00,539.32,kWh,MTR-002
CLI-003,2026-05-31 07:00:00,338.21,kWh,MTR-003
CLI-001,2026-05-31 08:00:00,48.63,kWh,MTR-001
CLI-002,2026-05-31 08:00:00,470.44,kWh,MTR-002
CLI-003,2026-05-31 08:00:00,322.71,kWh,MTR-003
CLI-001,2026-05-31 09:00:00,41.01,kWh,MTR-001
CLI-002,2026-05-31 09:00:00,380.64,kWh,MTR-002
CLI-003,2026-05-31 09:00:00,341.08,kWh,MTR-003
CLI-001,2026-05-31 10:00:00,43.92,kWh,MTR-001
CLI-002,2026-05-31 10:00:00,329.61,kWh,MTR-002
CLI-003,2026-05-31 10:00:00,359.49,kWh,MTR-003
CLI-001,2026-05-31 11:00:00,43.77,kWh,MTR-001
CLI-002,2026-05-31 11:00:00,410.54,kWh,MTR-002
CLI-003,2026-05-31 11:00:00,332.66,kWh,MTR-003
CLI-001,2026-05-31 12:00:00,49.9,kWh,MTR-001
CLI-002,2026-05-31 12:00:00,310.94,kWh,MTR-002
CLI-003,2026-05-31 12:00:00,345.27,kWh,MTR-003
CLI-001,2026-05-31 13:00:00,33.6,kWh,MTR-001
CLI-002,2026-05-31 13:00:00,12973.31,kWh,MTR-002
CLI-003,2026-05-31 13:00:00,345.02,kWh,MTR-003
CLI-001,2026-05-31 14:00:00,46.96,kWh,MTR-001
CLI-002,2026-05-31 14:00:00,423.05,kWh,MTR-002
CLI-003,2026-05-31 14:00:00,342.42,kWh,MTR-003
CLI-001,2026-05-31 15:00:00,30.23,kWh,MTR-001
CLI-002,2026-05-31 15:00:00,383.23,kWh,MTR-002
CLI-003,2026-05-31 15:00:00,340.27,kWh,MTR-003
CLI-001,2026-05-31 16:00:00,30.12,kWh,MTR-001
CLI-002,2026-05-31 16:00:00,453.1,kWh,MTR-002
CLI-003,2026-05-31 16:00:00,321.16,kWh,MTR-003
CLI-001,2026-05-31 17:00:00,36.61,kWh,MTR-001
CLI-002,2026-05-31 17:00:00,540.95,kWh,MTR-002
CLI-003,2026-05-31 17:00:00,345.83,kWh,MTR-003
CLI-001,2026-05-31 18:00:00,42.54,kWh,MTR-001
CLI-002,2026-05-31 18:00:00,612.59,kWh,MTR-002
CLI-003,2026-05-31 18:00:00,351.36,kWh,MTR-003
CLI-001,2026-05-31 19:00:00,44.85,kWh,MTR-001
CLI-002,2026-05-31 19:00:00,595.95,kWh,MTR-002
CLI-003,2026-05-31 19:00:00,332.62,kWh,MTR-003
CLI-001,2026-05-31 20:00:00,34.17,kWh,MTR-001
CLI-002,2026-05-31 20:00:00,630.97,kWh,MTR-002
CLI-003,2026-05-31 20:00:00,334.14,kWh,MTR-003
CLI-001,2026-05-31 21:00:00,35.61,kWh,MTR-001
CLI-002,2026-05-31 21:00:00,643.85,kWh,MTR-002
CLI-003,2026-05-31 21:00:00,353.7,kWh,MTR-003
CLI-001,2026-05-31 22:00:00,37.79,kWh,MTR-001
CLI-002,2026-05-31 22:00:00,635.52,kWh,MTR-002
CLI-003,2026-05-31 22:00:00,348.21,kWh,MTR-003
CLI-001,2026-05-31 23:00:00,30.63,kWh,MTR-001
CLI-002,2026-05-31 23:00:00,609.79,kWh,MTR-002
CLI-003,2026-05-31 23:00:00,338.08,kWh,MTR-003
CLI-001,2026-06-01 00:00:00,65.4,kWh,MTR-001
CLI-002,2026-06-01 00:00:00,582.86,kWh,MTR-002
CLI-003,01/06/2026 00:00,351.11,kWh,MTR-003
CLI-001,2026-06-01 01:00:00,71.09,kWh,MTR-001
CLI-002,2026-06-01 01:00:00,608.79,kWh,MTR-002
CLI-003,01/06/2026 01:00,327.61,kWh,MTR-003
CLI-001,2026-06-01 02:00:00,78.31,kWh,MTR-001
CLI-002,2026-06-01 02:00:00,629.29,kWh,MTR-002
CLI-003,01/06/2026 02:00,354.87,kWh,MTR-003
CLI-001,2026-06-01 03:00:00,83.45,kWh,MTR-001
CLI-002,2026-06-01 03:00:00,584.29,kWh,MTR-002
CLI-003,01/06/2026 03:00,338.37,kWh,MTR-003
CLI-001,2026-06-01 04:00:00,73.06,kWh,MTR-001
CLI-001,2026-06-01 04:00:00,73.06,kWh,MTR-001
CLI-002,2026-06-01 04:00:00,640.26,kWh,MTR-002
CLI-003,01/06/2026 04:00,343.77,kWh,MTR-003
CLI-001,2026-06-01 05:00:00,71.67,kWh,MTR-001
CLI-002,2026-06-01 05:00:00,611.44,kWh,MTR-002
CLI-003,01/06/2026 05:00,332.5,kWh,MTR-003
CLI-001,2026-06-01 06:00:00,564.97,kWh,MTR-001
CLI-002,2026-06-01 06:00:00,597.46,kWh,MTR-002
CLI-003,01/06/2026 06:00,331.07,kWh,MTR-003
CLI-001,2026-06-01 07:00:00,575.29,kWh,MTR-001
CLI-002,2026-06-01 07:00:00,523.29,kWh,MTR-002
CLI-003,01/06/2026 07:00,475.34,kWh,MTR-003
CLI-001,2026-06-01 08:00:00,508.03,kWh,MTR-001
CLI-002,2026-06-01 08:00:00,440.26,kWh,MTR-002
CLI-003,01/06/2026 08:00,446.93,kWh,MTR-003
CLI-001,2026-06-01 09:00:00,507.1,kWh,MTR-001
CLI-002,2026-06-01 09:00:00,398.37,kWh,MTR-002
CLI-003,01/06/2026 09:00,440.85,kWh,MTR-003
CLI-001,2026-06-01 10:00:00,494.32,kWh,MTR-001
CLI-002,2026-06-01 10:00:00,352.94,kWh,MTR-002
CLI-003,01/06/2026 10:00,469.03,kWh,MTR-003
CLI-001,2026-06-01 11:00:00,537.03,kWh,MTR-001
CLI-002,2026-06-01 11:00:00,303.25,kWh,MTR-002
CLI-003,01/06/2026 11:00,457.58,kWh,MTR-003
CLI-001,2026-06-01 12:00:00,553.58,kWh,MTR-001
CLI-002,2026-06-01 12:00:00,319.86,kWh,MTR-002
CLI-003,01/06/2026 12:00,460.57,kWh,MTR-003
CLI-001,2026-06-01 13:00:00,548.89,kWh,MTR-001
CLI-002,2026-06-01 13:00:00,393.85,kWh,MTR-002
CLI-003,01/06/2026 13:00,485.27,kWh,MTR-003
CLI-001,2026-06-01 14:00:00,516.26,kWh,MTR-001
CLI-002,2026-06-01 14:00:00,392.58,kWh,MTR-002
CLI-003,01/06/2026 14:00,464.87,kWh,MTR-003
CLI-001,2026-06-01 15:00:00,490.19,kWh,MTR-001
CLI-002,2026-06-01 15:00:00,420.22,kWh,MTR-002
CLI-003,01/06/2026 15:00,484.75,kWh,MTR-003
CLI-001,2026-06-01 16:00:00,512.07,kWh,MTR-001
CLI-002,2026-06-01 16:00:00,482.73,kWh,MTR-002
CLI-003,01/06/2026 16:00,460.57,kWh,MTR-003
CLI-001,2026-06-01 17:00:00,527.28,kWh,MTR-001
CLI-002,2026-06-01 17:00:00,528.15,kWh,MTR-002
CLI-003,01/06/2026 17:00,464.32,kWh,MTR-003
CLI-001,2026-06-01 18:00:00,554.47,kWh,MTR-001
CLI-002,2026-06-01 18:00:00,609.06,kWh,MTR-002
CLI-003,01/06/2026 18:00,470.17,kWh,MTR-003
CLI-001,2026-06-01 19:00:00,494.09,kWh,MTR-001
CLI-002,2026-06-01 19:00:00,579.87,kWh,MTR-002
CLI-003,01/06/2026 19:00,352.56,kWh,MTR-003
CLI-001,2026-06-01 20:00:00,510.31,kWh,MTR-001
CLI-002,2026-06-01 20:00:00,621.21,kWh,MTR-002
CLI-003,01/06/2026 20:00,352.68,kWh,MTR-003
CLI-001,2026-06-01 21:00:00,552.26,kWh,MTR-001
CLI-002,2026-06-01 21:00:00,575.01,kWh,MTR-002
CLI-003,01/06/2026 21:00,325.97,kWh,MTR-003
CLI-001,2026-06-01 22:00:00,69.75,kWh,MTR-001
CLI-002,2026-06-01 22:00:00,588.7,kWh,MTR-002
CLI-003,01/06/2026 22:00,332.66,kWh,MTR-003
CLI-001,2026-06-01 23:00:00,82.83,kWh,MTR-001
CLI-002,2026-06-01 23:00:00,641.03,kWh,MTR-002
CLI-003,01/06/2026 23:00,359.3,kWh,MTR-003
CLI-001,2026-06-02 00:00:00,,kWh,MTR-001
CLI-002,2026-06-02 00:00:00,644.05,kWh,MTR-002
CLI-003,02/06/2026 00:00,325.1,kWh,MTR-003
CLI-001,2026-06-02 01:00:00,69.23,kWh,MTR-001
CLI-002,2026-06-02 01:00:00,578.72,kWh,MTR-002
CLI-003,02/06/2026 01:00,352.83,kWh,MTR-003
CLI-001,2026-06-02 02:00:00,81.53,kWh,MTR-001
CLI-002,2026-06-02 02:00:00,591.47,kWh,MTR-002
CLI-003,02/06/2026 02:00,335.77,kWh,MTR-003
CLI-001,2026-06-02 03:00:00,69.57,kWh,MTR-001
CLI-002,2026-06-02 03:00:00,613.16,kWh,MTR-002
CLI-003,02/06/2026 03:00,338.99,kWh,MTR-003
CLI-001,2026-06-02 04:00:00,69.61,kWh,MTR-001
CLI-002,2026-06-02 04:00:00,633.8,kWh,MTR-002
CLI-003,02/06/2026 04:00,359.9,kWh,MTR-003
CLI-001,2026-06-02 05:00:00,63.36,kWh,MTR-001
CLI-002,2026-06-02 05:00:00,576.1,kWh,MTR-002
CLI-003,02/06/2026 05:00,339.47,kWh,MTR-003
CLI-001,2026-06-02 06:00:00,619.22,kWh,MTR-001
CLI-002,2026-06-02 06:00:00,619.96,kWh,MTR-002
CLI-003,02/06/2026 06:00,338.24,kWh,MTR-003
CLI-001,2026-06-02 07:00:00,588.35,kWh,MTR-001
CLI-002,2026-06-02 07:00:00,518.46,kWh,MTR-002
CLI-003,02/06/2026 07:00,463.66,kWh,MTR-003
CLI-001,2026-06-02 08:00:00,528.37,kWh,MTR-001
CLI-002,2026-06-02 08:00:00,516.28,kWh,MTR-002
CLI-003,02/06/2026 08:00,467.82,kWh,MTR-003
CLI-001,2026-06-02 09:00:00,558.26,kWh,MTR-001
CLI-002,2026-06-02 09:00:00,467.43,kWh,MTR-002
CLI-003,02/06/2026 09:00,466.88,kWh,MTR-003
CLI-001,2026-06-02 10:00:00,558.69,kWh,MTR-001
CLI-002,2026-06-02 10:00:00,402.62,kWh,MTR-002
CLI-003,02/06/2026 10:00,473.25,kWh,MTR-003
CLI-001,2026-06-02 11:00:00,539.33,kWh,MTR-001
CLI-002,2026-06-02 11:00:00,308.81,kWh,MTR-002
CLI-003,02/06/2026 11:00,449.08,kWh,MTR-003
CLI-001,2026-06-02 12:00:00,542.28,kWh,MTR-001
CLI-002,2026-06-02 12:00:00,348.39,kWh,MTR-002
CLI-003,02/06/2026 12:00,480.66,kWh,MTR-003
CLI-001,2026-06-02 13:00:00,503.14,kWh,MTR-001
CLI-002,2026-06-02 13:00:00,355.2,kWh,MTR-002
CLI-003,02/06/2026 13:00,459.39,kWh,MTR-003
CLI-001,2026-06-02 14:00:00,493.53,kWh,MTR-001
CLI-002,2026-06-02 14:00:00,383.47,kWh,MTR-002
CLI-003,02/06/2026 14:00,448.95,kWh,MTR-003
CLI-001,2026-06-02 15:00:00,548.12,kWh,MTR-001
CLI-002,2026-06-02 15:00:00,413.84,kWh,MTR-002
CLI-003,02/06/2026 15:00,438.91,kWh,MTR-003
CLI-001,2026-06-02 16:00:00,527.34,kWh,MTR-001
CLI-002,2026-06-02 16:00:00,455.72,kWh,MTR-002
CLI-003,02/06/2026 16:00,477.58,kWh,MTR-003
CLI-001,2026-06-02 17:00:00,548.96,kWh,MTR-001
CLI-002,2026-06-02 17:00:00,522.53,kWh,MTR-002
CLI-003,02/06/2026 17:00,456.04,kWh,MTR-003
CLI-001,2026-06-02 18:00:00,541.63,kWh,MTR-001
CLI-002,2026-06-02 18:00:00,605.81,kWh,MTR-002
CLI-003,02/06/2026 18:00,465.47,kWh,MTR-003
CLI-001,2026-06-02 19:00:00,531.38,kWh,MTR-001
CLI-002,2026-06-02 19:00:00,583.12,kWh,MTR-002
CLI-003,02/06/2026 19:00,335.95,kWh,MTR-003
CLI-001,2026-06-02 20:00:00,539.69,kWh,MTR-001
CLI-002,2026-06-02 20:00:00,612.28,kWh,MTR-002
CLI-003,02/06/2026 20:00,348.22,kWh,MTR-003
CLI-001,2026-06-02 21:00:00,491.61,kWh,MTR-001
CLI-002,2026-06-02 21:00:00,575.83,kWh,MTR-002
CLI-003,02/06/2026 21:00,337.95,kWh,MTR-003
CLI-001,2026-06-02 22:00:00,84.04,kWh,MTR-001
CLI-002,2026-06-02 22:00:00,577.87,kWh,MTR-002
CLI-003,02/06/2026 22:00,345.5,kWh,MTR-003
CLI-001,2026-06-02 23:00:00,70.79,kWh,MTR-001
CLI-002,2026-06-02 23:00:00,635.08,kWh,MTR-002
CLI-003,02/06/2026 23:00,330.68,kWh,MTR-003
CLI-001,2026-06-03 00:00:00,76.36,kWh,MTR-001
CLI-002,2026-06-03 00:00:00,629.12,kWh,MTR-002
CLI-003,03/06/2026 00:00,349.37,kWh,MTR-003
CLI-001,2026-06-03 01:00:00,64.87,kWh,MTR-001
CLI-002,2026-06-03 01:00:00,623.32,kWh,MTR-002
CLI-003,03/06/2026 01:00,341.9,kWh,MTR-003
CLI-001,2026-06-03 02:00:00,80.79,kWh,MTR-001
CLI-002,2026-06-03 02:00:00,581.84,kWh,MTR-002
CLI-003,03/06/2026 02:00,337.84,kWh,MTR-003
CLI-001,2026-06-03 03:00:00,67.08,kWh,MTR-001
CLI-002,2026-06-03 03:00:00,576.66,kWh,MTR-002
CLI-003,03/06/2026 03:00,357.54,kWh,MTR-003
CLI-001,2026-06-03 04:00:00,80.89,kWh,MTR-001
CLI-002,2026-06-03 04:00:00,619.67,kWh,MTR-002
CLI-003,03/06/2026 04:00,324.8,kWh,MTR-003
CLI-001,2026-06-03 05:00:00,63.25,kWh,MTR-001
CLI-002,2026-06-03 05:00:00,637.99,kWh,MTR-002
CLI-003,03/06/2026 05:00,358.69,kWh,MTR-003
CLI-001,2026-06-03 06:00:00,595.65,kWh,MTR-001
CLI-002,2026-06-03 06:00:00,607.69,kWh,MTR-002
CLI-003,03/06/2026 06:00,345.55,kWh,MTR-003
CLI-001,2026-06-03 07:00:00,562.11,kWh,MTR-001
CLI-002,2026-06-03 07:00:00,561.43,kWh,MTR-002
CLI-003,03/06/2026 07:00,443.7,kWh,MTR-003
CLI-001,2026-06-03 08:00:00,510.62,kWh,MTR-001
CLI-002,2026-06-03 08:00:00,420.23,kWh,MTR-002
CLI-003,03/06/2026 08:00,467.37,kWh,MTR-003
CLI-001,2026-06-03 09:00:00,528.82,kWh,MTR-001
CLI-002,2026-06-03 09:00:00,450.06,kWh,MTR-002
CLI-003,03/06/2026 09:00,463.04,kWh,MTR-003
CLI-001,2026-06-03 10:00:00,537.23,kWh,MTR-001
CLI-002,2026-06-03 10:00:00,342.7,kWh,MTR-002
CLI-003,03/06/2026 10:00,479.73,kWh,MTR-003
CLI-001,2026-06-03 11:00:00,531.23,kWh,MTR-001
CLI-002,2026-06-03 11:00:00,390.31,kWh,MTR-002
CLI-003,03/06/2026 11:00,488.42,kWh,MTR-003
CLI-001,2026-06-03 12:00:00,555.19,kWh,MTR-001
CLI-002,2026-06-03 12:00:00,300.3,kWh,MTR-002
CLI-003,03/06/2026 12:00,42329.45,kWh,MTR-003
CLI-003,03/06/2026 12:00,42329.45,kWh,MTR-003
CLI-001,2026-06-03 13:00:00,545.44,kWh,MTR-001
CLI-002,2026-06-03 13:00:00,309.87,kWh,MTR-002
CLI-003,03/06/2026 13:00,474.29,kWh,MTR-003
CLI-001,2026-06-03 14:00:00,556.71,kWh,MTR-001
CLI-002,2026-06-03 14:00:00,336.56,kWh,MTR-002
CLI-003,03/06/2026 14:00,476.38,kWh,MTR-003
CLI-001,2026-06-03 15:00:00,494.13,kWh,MTR-001
CLI-002,2026-06-03 15:00:00,438.71,kWh,MTR-002
CLI-003,03/06/2026 15:00,489.78,kWh,MTR-003
CLI-001,2026-06-03 16:00:00,486.79,kWh,MTR-001
CLI-002,2026-06-03 16:00:00,514.0,kWh,MTR-002
CLI-003,03/06/2026 16:00,481.58,kWh,MTR-003
CLI-001,2026-06-03 17:00:00,485.04,kWh,MTR-001
CLI-002,2026-06-03 17:00:00,526.69,kWh,MTR-002
CLI-003,03/06/2026 17:00,482.85,kWh,MTR-003
CLI-001,2026-06-03 18:00:00,484.48,kWh,MTR-001
CLI-002,2026-06-03 18:00:00,578.0,kWh,MTR-002
CLI-003,03/06/2026 18:00,487.3,kWh,MTR-003
CLI-001,2026-06-03 19:00:00,534.25,kWh,MTR-001
CLI-002,2026-06-03 19:00:00,585.43,kWh,MTR-002
CLI-003,03/06/2026 19:00,356.99,kWh,MTR-003
CLI-001,2026-06-03 20:00:00,491.33,kWh,MTR-001
CLI-002,2026-06-03 20:00:00,607.99,kWh,MTR-002
CLI-003,03/06/2026 20:00,321.83,kWh,MTR-003
CLI-001,2026-06-03 21:00:00,490.44,kWh,MTR-001
CLI-002,2026-06-03 21:00:00,578.5,kWh,MTR-002
CLI-003,03/06/2026 21:00,351.75,kWh,MTR-003
CLI-001,2026-06-03 22:00:00,64.27,kWh,MTR-001
CLI-002,2026-06-03 22:00:00,632.25,kWh,MTR-002
CLI-003,03/06/2026 22:00,339.89,kWh,MTR-003
CLI-001,2026-06-03 23:00:00,65.51,kWh,MTR-001
CLI-002,2026-06-03 23:00:00,604.83,kWh,MTR-002
CLI-003,03/06/2026 23:00,359.29,kWh,MTR-003
CLI-001,2026-06-04 00:00:00,68.11,kWh,MTR-001
CLI-002,2026-06-04 00:00:00,615.32,kWh,MTR-002
CLI-003,04/06/2026 00:00,353.46,kWh,MTR-003
CLI-001,2026-06-04 01:00:00,79.11,kWh,MTR-001
CLI-002,2026-06-04 01:00:00,598.49,kWh,MTR-002
CLI-003,04/06/2026 01:00,325.65,kWh,MTR-003
CLI-001,2026-06-04 02:00:00,77.41,kWh,MTR-001
CLI-002,2026-06-04 02:00:00,605.71,kWh,MTR-002
CLI-003,04/06/2026 02:00,321.63,kWh,MTR-003
CLI-001,2026-06-04 03:00:00,81.18,kWh,MTR-001
CLI-002,2026-06-04 03:00:00,629.44,kWh,MTR-002
CLI-003,04/06/2026 03:00,,kWh,MTR-003
CLI-001,2026-06-04 04:00:00,64.49,kWh,MTR-001
CLI-002,2026-06-04 04:00:00,620.62,kWh,MTR-002
CLI-003,04/06/2026 04:00,336.65,kWh,MTR-003
CLI-001,2026-06-04 05:00:00,79.31,kWh,MTR-001
CLI-002,2026-06-04 05:00:00,589.43,kWh,MTR-002
CLI-003,04/06/2026 05:00,340.92,kWh,MTR-003
CLI-001,2026-06-04 06:00:00,615.05,kWh,MTR-001
CLI-002,2026-06-04 06:00:00,577.63,kWh,MTR-002
CLI-003,04/06/2026 06:00,340.0,kWh,MTR-003
CLI-001,2026-06-04 07:00:00,590.18,kWh,MTR-001
CLI-002,2026-06-04 07:00:00,545.12,kWh,MTR-002
CLI-003,04/06/2026 07:00,455.61,kWh,MTR-003
CLI-001,2026-06-04 08:00:00,508.95,kWh,MTR-001
CLI-002,2026-06-04 08:00:00,495.78,kWh,MTR-002
CLI-003,04/06/2026 08:00,469.67,kWh,MTR-003
CLI-001,2026-06-04 09:00:00,543.73,kWh,MTR-001
CLI-002,2026-06-04 09:00:00,456.77,kWh,MTR-002
CLI-003,04/06/2026 09:00,463.1,kWh,MTR-003
CLI-001,2026-06-04 10:00:00,502.81,kWh,MTR-001
CLI-002,2026-06-04 10:00:00,337.91,kWh,MTR-002
CLI-003,04/06/2026 10:00,458.95,kWh,MTR-003
CLI-001,2026-06-04 11:00:00,494.07,kWh,MTR-001
CLI-002,2026-06-04 11:00:00,394.3,kWh,MTR-002
CLI-003,04/06/2026 11:00,481.64,kWh,MTR-003
CLI-001,2026-06-04 12:00:00,495.9,kWh,MTR-001
CLI-002,2026-06-04 12:00:00,299.99,kWh,MTR-002
CLI-003,04/06/2026 12:00,461.06,kWh,MTR-003
CLI-001,2026-06-04 13:00:00,510.04,kWh,MTR-001
CLI-002,2026-06-04 13:00:00,352.75,kWh,MTR-002
CLI-003,04/06/2026 13:00,468.63,kWh,MTR-003
CLI-001,2026-06-04 14:00:00,510.99,kWh,MTR-001
CLI-002,2026-06-04 14:00:00,381.99,kWh,MTR-002
CLI-003,04/06/2026 14:00,446.9,kWh,MTR-003
CLI-001,2026-06-04 15:00:00,484.77,kWh,MTR-001
CLI-002,2026-06-04 15:00:00,449.86,kWh,MTR-002
CLI-003,04/06/2026 15:00,475.34,kWh,MTR-003
CLI-001,2026-06-04 16:00:00,543.16,kWh,MTR-001
CLI-002,2026-06-04 16:00:00,503.62,kWh,MTR-002
CLI-003,04/06/2026 16:00,471.79,kWh,MTR-003
CLI-001,2026-06-04 17:00:00,519.14,kWh,MTR-001
CLI-001,2026-06-04 17:00:00,521.04,kWh,MTR-001
CLI-002,2026-06-04 17:00:00,571.26,kWh,MTR-002
CLI-003,04/06/2026 17:00,471.85,kWh,MTR-003
CLI-001,2026-06-04 18:00:00,526.36,kWh,MTR-001
CLI-002,2026-06-04 18:00:00,616.42,kWh,MTR-002
CLI-003,04/06/2026 18:00,458.1,kWh,MTR-003
CLI-001,2026-06-04 19:00:00,483.2,kWh,MTR-001
CLI-002,2026-06-04 19:00:00,628.8,kWh,MTR-002
CLI-003,04/06/2026 19:00,341.24,kWh,MTR-003
CLI-001,2026-06-04 20:00:00,543.84,kWh,MTR-001
CLI-002,2026-06-04 20:00:00,606.67,kWh,MTR-002
CLI-003,04/06/2026 20:00,342.34,kWh,MTR-003
CLI-001,2026-06-04 21:00:00,538.54,kWh,MTR-001
CLI-002,2026-06-04 21:00:00,584.29,kWh,MTR-002
CLI-003,04/06/2026 21:00,345.91,kWh,MTR-003
CLI-001,2026-06-04 22:00:00,71.99,kWh,MTR-001
CLI-002,2026-06-04 22:00:00,624.23,kWh,MTR-002
CLI-003,04/06/2026 22:00,349.89,kWh,MTR-003
CLI-001,2026-06-04 23:00:00,71.37,kWh,MTR-001
CLI-002,2026-06-04 23:00:00,636.19,kWh,MTR-002
CLI-003,04/06/2026 23:00,351.59,kWh,MTR-003
CLI-001,2026-06-05 00:00:00,71.61,kWh,MTR-001
CLI-002,2026-06-05 00:00:00,635.23,kWh,MTR-002
CLI-003,05/06/2026 00:00,355.74,kWh,MTR-003
CLI-001,2026-06-05 01:00:00,60.82,kWh,MTR-001
CLI-002,2026-06-05 01:00:00,593.89,kWh,MTR-002
CLI-003,05/06/2026 01:00,341.7,kWh,MTR-003
CLI-001,2026-06-05 02:00:00,79.69,kWh,MTR-001
CLI-002,2026-06-05 02:00:00,636.66,kWh,MTR-002
CLI-003,05/06/2026 02:00,322.19,kWh,MTR-003
CLI-001,2026-06-05 03:00:00,76.87,kWh,MTR-001
CLI-002,2026-06-05 03:00:00,582.77,kWh,MTR-002
CLI-003,05/06/2026 03:00,344.77,kWh,MTR-003
CLI-001,2026-06-05 04:00:00,64.38,kWh,MTR-001
CLI-002,2026-06-05 04:00:00,579.69,kWh,MTR-002
CLI-003,05/06/2026 04:00,328.19,kWh,MTR-003
CLI-001,2026-06-05 05:00:00,65.97,kWh,MTR-001
CLI-002,2026-06-05 05:00:00,608.49,kWh,MTR-002
CLI-003,05/06/2026 05:00,343.2,kWh,MTR-003
CLI-001,2026-06-05 06:00:00,556.78,kWh,MTR-001
CLI-002,2026-06-05 06:00:00,590.78,kWh,MTR-002
CLI-003,05/06/2026 06:00,330.69,kWh,MTR-003
CLI-001,2026-06-05 07:00:00,562.17,kWh,MTR-001
CLI-002,2026-06-05 07:00:00,530.73,kWh,MTR-002
CLI-003,05/06/2026 07:00,461.2,kWh,MTR-003
CLI-001,2026-06-05 08:00:00,522.63,kWh,MTR-001
CLI-002,2026-06-05 08:00:00,468.37,kWh,MTR-002
CLI-003,05/06/2026 08:00,495.58,kWh,MTR-003
CLI-001,2026-06-05 09:00:00,551.35,kWh,MTR-001
CLI-002,2026-06-05 09:00:00,360.44,kWh,MTR-002
CLI-003,05/06/2026 09:00,476.55,kWh,MTR-003
CLI-001,2026-06-05 10:00:00,535.77,kWh,MTR-001
CLI-002,2026-06-05 10:00:00,403.84,kWh,MTR-002
CLI-003,05/06/2026 10:00,475.81,kWh,MTR-003
CLI-001,2026-06-05 11:00:00,490.56,kWh,MTR-001
CLI-002,2026-06-05 11:00:00,333.2,kWh,MTR-002
CLI-003,05/06/2026 11:00,463.67,kWh,MTR-003
CLI-001,2026-06-05 12:00:00,555.8,kWh,MTR-001
CLI-002,2026-06-05 12:00:00,355.74,kWh,MTR-002
CLI-003,05/06/2026 12:00,465.85,kWh,MTR-003
CLI-001,2026-06-05 13:00:00,547.35,kWh,MTR-001
CLI-002,2026-06-05 13:00:00,379.88,kWh,MTR-002
CLI-003,05/06/2026 13:00,449.67,kWh,MTR-003
CLI-001,2026-06-05 14:00:00,557.66,kWh,MTR-001
CLI-002,2026-06-05 14:00:00,362.45,kWh,MTR-002
CLI-003,05/06/2026 14:00,469.38,kWh,MTR-003
CLI-001,2026-06-05 15:00:00,502.82,kWh,MTR-001
CLI-002,2026-06-05 15:00:00,430.12,kWh,MTR-002
CLI-003,05/06/2026 15:00,448.28,kWh,MTR-003
CLI-001,2026-06-05 16:00:00,505.33,kWh,MTR-001
CLI-002,2026-06-05 16:00:00,478.21,kWh,MTR-002
CLI-003,05/06/2026 16:00,445.9,kWh,MTR-003
CLI-001,2026-06-05 17:00:00,509.83,kWh,MTR-001
CLI-002,2026-06-05 17:00:00,523.39,kWh,MTR-002
CLI-003,05/06/2026 17:00,466.17,kWh,MTR-003
CLI-001,2026-06-05 18:00:00,516.64,kWh,MTR-001
CLI-002,2026-06-05 18:00:00,575.3,kWh,MTR-002
CLI-003,05/06/2026 18:00,483.96,kWh,MTR-003
CLI-001,2026-06-05 19:00:00,517.91,kWh,MTR-001
CLI-002,2026-06-05 19:00:00,641.08,kWh,MTR-002
CLI-003,05/06/2026 19:00,342.95,kWh,MTR-003
CLI-001,2026-06-05 20:00:00,525.22,kWh,MTR-001
CLI-002,2026-06-05 20:00:00,605.95,kWh,MTR-002
CLI-003,05/06/2026 20:00,349.27,kWh,MTR-003
CLI-001,2026-06-05 21:00:00,491.15,kWh,MTR-001
CLI-002,2026-06-05 21:00:00,596.57,kWh,MTR-002
CLI-003,05/06/2026 21:00,353.64,kWh,MTR-003
CLI-001,2026-06-05 22:00:00,62.31,kWh,MTR-001
CLI-002,2026-06-05 22:00:00,619.89,kWh,MTR-002
CLI-003,05/06/2026 22:00,328.89,kWh,MTR-003
CLI-001,2026-06-05 23:00:00,66.95,kWh,MTR-001
CLI-002,2026-06-05 23:00:00,612.69,kWh,MTR-002
CLI-003,05/06/2026 23:00,346.86,kWh,MTR-003
CLI-001,2026-06-06 00:00:00,72.79,kWh,MTR-001
CLI-002,2026-06-06 00:00:00,597.24,kWh,MTR-002
CLI-003,06/06/2026 00:00,357.74,kWh,MTR-003
CLI-001,2026-06-06 01:00:00,69.03,kWh,MTR-001
CLI-002,2026-06-06 01:00:00,634.77,kWh,MTR-002
CLI-003,06/06/2026 01:00,334.91,kWh,MTR-003
CLI-001,2026-06-06 02:00:00,68.78,kWh,MTR-001
CLI-002,2026-06-06 02:00:00,636.2,kWh,MTR-002
CLI-003,06/06/2026 02:00,349.11,kWh,MTR-003
CLI-001,2026-06-06 03:00:00,84.81,kWh,MTR-001
CLI-002,2026-06-06 03:00:00,595.2,kWh,MTR-002
CLI-003,06/06/2026 03:00,358.81,kWh,MTR-003
CLI-001,2026-06-06 04:00:00,82.41,kWh,MTR-001
CLI-002,2026-06-06 04:00:00,616.1,kWh,MTR-002
CLI-003,06/06/2026 04:00,328.31,kWh,MTR-003
CLI-001,2026-06-06 05:00:00,81.69,kWh,MTR-001
CLI-002,2026-06-06 05:00:00,579.63,kWh,MTR-002
CLI-003,06/06/2026 05:00,350.24,kWh,MTR-003
CLI-001,2026-06-06 06:00:00,572.76,kWh,MTR-001
CLI-002,2026-06-06 06:00:00,604.02,kWh,MTR-002
CLI-003,06/06/2026 06:00,348.41,kWh,MTR-003
CLI-001,2026-06-06 07:00:00,550.95,kWh,MTR-001
CLI-002,2026-06-06 07:00:00,531.29,kWh,MTR-002
CLI-003,06/06/2026 07:00,353.05,kWh,MTR-003
CLI-001,2026-06-06 08:00:00,504.31,kWh,MTR-001
CLI-002,2026-06-06 08:00:00,26641.94,kWh,MTR-002
CLI-002,2026-06-06 08:00:00,26641.94,kWh,MTR-002
CLI-003,06/06/2026 08:00,358.24,kWh,MTR-003
CLI-001,2026-06-06 09:00:00,517.8,kWh,MTR-001
CLI-002,2026-06-06 09:00:00,456.08,kWh,MTR-002
CLI-003,06/06/2026 09:00,347.51,kWh,MTR-003
CLI-001,2026-06-06 10:00:00,489.55,kWh,MTR-001
CLI-002,2026-06-06 10:00:00,457.02,kWh,MTR-002
CLI-003,06/06/2026 10:00,343.24,kWh,MTR-003
CLI-001,2026-06-06 11:00:00,549.47,kWh,MTR-001
CLI-002,2026-06-06 11:00:00,330.0,kWh,MTR-002
CLI-003,06/06/2026 11:00,340.5,kWh,MTR-003
CLI-001,2026-06-06 12:00:00,547.62,kWh,MTR-001
CLI-002,2026-06-06 12:00:00,333.65,kWh,MTR-002
CLI-003,06/06/2026 12:00,325.42,kWh,MTR-003
CLI-001,2026-06-06 13:00:00,501.81,kWh,MTR-001
CLI-002,2026-06-06 13:00:00,397.77,kWh,MTR-002
CLI-003,06/06/2026 13:00,341.18,kWh,MTR-003
CLI-001,2026-06-06 14:00:00,521.11,kWh,MTR-001
CLI-002,2026-06-06 14:00:00,397.5,kWh,MTR-002
CLI-003,06/06/2026 14:00,341.75,kWh,MTR-003
CLI-001,2026-06-06 15:00:00,546.15,kWh,MTR-001
CLI-002,2026-06-06 15:00:00,393.04,kWh,MTR-002
CLI-003,06/06/2026 15:00,323.83,kWh,MTR-003
CLI-001,2026-06-06 16:00:00,545.87,kWh,MTR-001
CLI-002,2026-06-06 16:00:00,485.51,kWh,MTR-002
CLI-003,06/06/2026 16:00,333.61,kWh,MTR-003
CLI-001,2026-06-06 17:00:00,488.19,kWh,MTR-001
CLI-002,2026-06-06 17:00:00,530.83,kWh,MTR-002
CLI-003,06/06/2026 17:00,344.54,kWh,MTR-003
CLI-001,2026-06-06 18:00:00,522.05,kWh,MTR-001
CLI-002,2026-06-06 18:00:00,613.58,kWh,MTR-002
CLI-003,06/06/2026 18:00,324.56,kWh,MTR-003
CLI-001,2026-06-06 19:00:00,486.11,kWh,MTR-001
CLI-002,2026-06-06 19:00:00,639.64,kWh,MTR-002
CLI-003,06/06/2026 19:00,332.46,kWh,MTR-003
CLI-001,2026-06-06 20:00:00,545.36,kWh,MTR-001
CLI-002,2026-06-06 20:00:00,616.84,kWh,MTR-002
CLI-003,06/06/2026 20:00,333.68,kWh,MTR-003
CLI-001,2026-06-06 21:00:00,482.3,kWh,MTR-001
CLI-002,2026-06-06 21:00:00,590.57,kWh,MTR-002
CLI-003,06/06/2026 21:00,325.69,kWh,MTR-003
CLI-001,2026-06-06 22:00:00,63.13,kWh,MTR-001
CLI-002,2026-06-06 22:00:00,580.5,kWh,MTR-002
CLI-003,06/06/2026 22:00,351.36,kWh,MTR-003
CLI-001,2026-06-06 23:00:00,79.37,kWh,MTR-001
CLI-002,2026-06-06 23:00:00,577.98,kWh,MTR-002
CLI-003,06/06/2026 23:00,351.72,kWh,MTR-003
CLI-001,2026-06-07 00:00:00,31.19,kWh,MTR-001
CLI-002,2026-06-07 00:00:00,592.71,kWh,MTR-002
CLI-003,07/06/2026 00:00,346.7,kWh,MTR-003
CLI-001,2026-06-07 01:00:00,45.65,kWh,MTR-001
CLI-002,2026-06-07 01:00:00,589.38,kWh,MTR-002
CLI-003,07/06/2026 01:00,327.39,kWh,MTR-003
CLI-001,2026-06-07 02:00:00,31.82,kWh,MTR-001
CLI-002,2026-06-07 02:00:00,640.93,kWh,MTR-002
CLI-003,07/06/2026 02:00,333.91,kWh,MTR-003
CLI-001,2026-06-07 03:00:00,40.01,kWh,MTR-001
CLI-002,2026-06-07 03:00:00,591.93,kWh,MTR-002
CLI-003,07/06/2026 03:00,323.96,kWh,MTR-003
CLI-001,2026-06-07 04:00:00,30.28,kWh,MTR-001
CLI-002,2026-06-07 04:00:00,588.41,kWh,MTR-002
CLI-003,07/06/2026 04:00,356.07,kWh,MTR-003
CLI-001,2026-06-07 05:00:00,49.47,kWh,MTR-001
CLI-002,2026-06-07 05:00:00,589.98,kWh,MTR-002
CLI-003,07/06/2026 05:00,348.31,kWh,MTR-003
CLI-001,2026-06-07 06:00:00,41.79,kWh,MTR-001
CLI-002,2026-06-07 06:00:00,642.04,kWh,MTR-002
CLI-003,07/06/2026 06:00,334.19,kWh,MTR-003
CLI-001,2026-06-07 07:00:00,34.29,kWh,MTR-001
CLI-002,2026-06-07 07:00:00,499.75,kWh,MTR-002
CLI-003,07/06/2026 07:00,324.41,kWh,MTR-003
CLI-001,2026-06-07 08:00:00,45.25,kWh,MTR-001
CLI-002,2026-06-07 08:00:00,507.18,kWh,MTR-002
CLI-003,07/06/2026 08:00,324.63,kWh,MTR-003
CLI-001,2026-06-07 09:00:00,42.01,kWh,MTR-001
CLI-002,2026-06-07 09:00:00,459.76,kWh,MTR-002
CLI-003,07/06/2026 09:00,331.62,kWh,MTR-003
CLI-001,2026-06-07 10:00:00,33.78,kWh,MTR-001
CLI-002,2026-06-07 10:00:00,405.91,kWh,MTR-002
CLI-003,07/06/2026 10:00,-97.06,kWh,MTR-003
CLI-001,2026-06-07 11:00:00,32.1,kWh,MTR-001
CLI-002,2026-06-07 11:00:00,409.86,kWh,MTR-002
CLI-003,07/06/2026 11:00,336.02,kWh,MTR-003
CLI-001,2026-06-07 12:00:00,32.03,kWh,MTR-001
CLI-002,2026-06-07 12:00:00,427.07,kWh,MTR-002
CLI-003,07/06/2026 12:00,333.55,kWh,MTR-003
CLI-001,2026-06-07 13:00:00,49.81,kWh,MTR-001
CLI-002,2026-06-07 13:00:00,351.93,kWh,MTR-002
CLI-003,07/06/2026 13:00,348.54,kWh,MTR-003
CLI-001,2026-06-07 14:00:00,35.46,kWh,MTR-001
CLI-002,2026-06-07 14:00:00,399.55,kWh,MTR-002
CLI-003,07/06/2026 14:00,344.13,kWh,MTR-003
CLI-001,2026-06-07 15:00:00,39.69,kWh,MTR-001
CLI-002,2026-06-07 15:00:00,472.27,kWh,MTR-002
CLI-003,07/06/2026 15:00,339.89,kWh,MTR-003
CLI-001,2026-06-07 16:00:00,32.69,kWh,MTR-001
CLI-002,2026-06-07 16:00:00,470.31,kWh,MTR-002
CLI-003,07/06/2026 16:00,358.88,kWh,MTR-003
CLI-001,2026-06-07 17:00:00,43.58,kWh,MTR-001
CLI-002,2026-06-07 17:00:00,561.6,kWh,MTR-002
CLI-003,07/06/2026 17:00,350.06,kWh,MTR-003
CLI-001,2026-06-07 18:00:00,45.85,kWh,MTR-001
CLI-002,2026-06-07 18:00:00,621.35,kWh,MTR-002
CLI-003,07/06/2026 18:00,330.47,kWh,MTR-003
CLI-001,2026-06-07 19:00:00,47.19,kWh,MTR-001
CLI-002,2026-06-07 19:00:00,641.68,kWh,MTR-002
CLI-003,07/06/2026 19:00,337.22,kWh,MTR-003
CLI-001,2026-06-07 20:00:00,37.67,kWh,MTR-001
CLI-002,2026-06-07 20:00:00,601.34,kWh,MTR-002
CLI-003,07/06/2026 20:00,321.31,kWh,MTR-003
CLI-001,2026-06-07 21:00:00,47.21,kWh,MTR-001
CLI-002,2026-06-07 21:00:00,624.42,kWh,MTR-002
CLI-003,07/06/2026 21:00,325.38,kWh,MTR-003
CLI-001,2026-06-07 22:00:00,39.75,kWh,MTR-001
CLI-002,2026-06-07 22:00:00,622.25,kWh,MTR-002
CLI-003,07/06/2026 22:00,347.41,kWh,MTR-003
CLI-001,2026-06-07 23:00:00,39.52,kWh,MTR-001
CLI-002,2026-06-07 23:00:00,610.47,kWh,MTR-002
CLI-003,07/06/2026 23:00,339.79,kWh,MTR-003
CLI-001,2026-06-08 00:00:00,75.42,kWh,MTR-001
CLI-002,2026-06-08 00:00:00,643.44,kWh,MTR-002
CLI-003,08/06/2026 00:00,321.13,kWh,MTR-003
CLI-001,2026-06-08 01:00:00,80.92,kWh,MTR-001
CLI-002,2026-06-08 01:00:00,626.94,kWh,MTR-002
CLI-003,08/06/2026 01:00,355.65,kWh,MTR-003
CLI-001,2026-06-08 02:00:00,62.43,kWh,MTR-001
CLI-002,2026-06-08 02:00:00,600.02,kWh,MTR-002
CLI-003,08/06/2026 02:00,346.45,kWh,MTR-003
CLI-001,2026-06-08 03:00:00,76.2,kWh,MTR-001
CLI-002,2026-06-08 03:00:00,638.73,kWh,MTR-002
CLI-003,08/06/2026 03:00,332.2,kWh,MTR-003
CLI-001,2026-06-08 04:00:00,60.49,kWh,MTR-001
CLI-002,2026-06-08 04:00:00,607.26,kWh,MTR-002
CLI-003,08/06/2026 04:00,342.72,kWh,MTR-003
CLI-001,2026-06-08 05:00:00,66.67,kWh,MTR-001
CLI-002,2026-06-08 05:00:00,616.16,kWh,MTR-002
CLI-003,08/06/2026 05:00,335.11,kWh,MTR-003
CLI-001,2026-06-08 06:00:00,585.8,kWh,MTR-001
CLI-002,2026-06-08 06:00:00,582.0,kWh,MTR-002
CLI-003,08/06/2026 06:00,333.44,kWh,MTR-003
CLI-001,2026-06-08 07:00:00,601.19,kWh,MTR-001
CLI-002,2026-06-08 07:00:00,553.22,kWh,MTR-002
CLI-003,08/06/2026 07:00,480.3,kWh,MTR-003
CLI-001,2026-06-08 08:00:00,547.23,kWh,MTR-001
CLI-002,2026-06-08 08:00:00,487.91,kWh,MTR-002
CLI-002,2026-06-08 08:00:00,485.99,kWh,MTR-002
CLI-003,08/06/2026 08:00,466.32,kWh,MTR-003
CLI-001,2026-06-08 09:00:00,547.53,kWh,MTR-001
CLI-002,2026-06-08 09:00:00,445.37,kWh,MTR-002
CLI-003,08/06/2026 09:00,460.3,kWh,MTR-003
CLI-001,2026-06-08 10:00:00,532.12,kWh,MTR-001
CLI-002,2026-06-08 10:00:00,407.55,kWh,MTR-002
CLI-003,08/06/2026 10:00,455.07,kWh,MTR-003
CLI-001,2026-06-08 11:00:00,516.26,kWh,MTR-001
CLI-002,2026-06-08 11:00:00,383.72,kWh,MTR-002
CLI-003,08/06/2026 11:00,486.81,kWh,MTR-003
CLI-001,2026-06-08 12:00:00,556.97,kWh,MTR-001
CLI-002,2026-06-08 12:00:00,291.87,kWh,MTR-002
CLI-003,08/06/2026 12:00,482.65,kWh,MTR-003
CLI-001,2026-06-08 13:00:00,525.29,kWh,MTR-001
CLI-002,2026-06-08 13:00:00,369.57,kWh,MTR-002
CLI-003,08/06/2026 13:00,461.58,kWh,MTR-003
CLI-001,2026-06-08 14:00:00,514.83,kWh,MTR-001
CLI-002,2026-06-08 14:00:00,445.75,kWh,MTR-002
CLI-003,08/06/2026 14:00,476.21,kWh,MTR-003
CLI-001,2026-06-08 15:00:00,500.52,kWh,MTR-001
CLI-002,2026-06-08 15:00:00,446.47,kWh,MTR-002
CLI-003,08/06/2026 15:00,469.64,kWh,MTR-003
CLI-001,2026-06-08 16:00:00,524.79,kWh,MTR-001
CLI-002,2026-06-08 16:00:00,513.68,kWh,MTR-002
CLI-003,08/06/2026 16:00,448.21,kWh,MTR-003
CLI-001,2026-06-08 17:00:00,532.69,kWh,MTR-001
CLI-002,2026-06-08 17:00:00,552.15,kWh,MTR-002
CLI-003,08/06/2026 17:00,461.58,kWh,MTR-003
CLI-001,2026-06-08 18:00:00,528.13,kWh,MTR-001
CLI-002,2026-06-08 18:00:00,638.04,kWh,MTR-002
CLI-003,08/06/2026 18:00,469.26,kWh,MTR-003
CLI-001,2026-06-08 19:00:00,555.45,kWh,MTR-001
CLI-002,2026-06-08 19:00:00,584.84,kWh,MTR-002
CLI-003,08/06/2026 19:00,349.38,kWh,MTR-003
CLI-001,2026-06-08 20:00:00,521.76,kWh,MTR-001
CLI-002,2026-06-08 20:00:00,641.48,kWh,MTR-002
CLI-003,08/06/2026 20:00,330.07,kWh,MTR-003
CLI-001,2026-06-08 21:00:00,499.05,kWh,MTR-001
CLI-002,2026-06-08 21:00:00,631.47,kWh,MTR-002
CLI-003,08/06/2026 21:00,343.37,kWh,MTR-003
CLI-001,2026-06-08 22:00:00,78.71,kWh,MTR-001
CLI-002,2026-06-08 22:00:00,604.6,kWh,MTR-002
CLI-003,08/06/2026 22:00,327.01,kWh,MTR-003
CLI-001,2026-06-08 23:00:00,70.99,kWh,MTR-001
CLI-002,2026-06-08 23:00:00,616.26,kWh,MTR-002
CLI-003,08/06/2026 23:00,334.99,kWh,MTR-003
CLI-001,2026-06-09 00:00:00,67.91,kWh,MTR-001
CLI-002,2026-06-09 00:00:00,622.79,kWh,MTR-002
CLI-003,2026-06-09 00:00:00,355.18,kWh,MTR-003
CLI-001,2026-06-09 01:00:00,69.07,kWh,MTR-001
CLI-002,2026-06-09 01:00:00,632.5,kWh,MTR-002
CLI-003,2026-06-09 01:00:00,358.67,kWh,MTR-003
CLI-001,2026-06-09 02:00:00,81.04,kWh,MTR-001
CLI-002,2026-06-09 02:00:00,640.86,kWh,MTR-002
CLI-003,2026-06-09 02:00:00,351.55,kWh,MTR-003
CLI-001,2026-06-09 03:00:00,73.82,kWh,MTR-001
CLI-002,2026-06-09 03:00:00,642.09,kWh,MTR-002
CLI-003,2026-06-09 03:00:00,352.49,kWh,MTR-003
CLI-001,2026-06-09 04:00:00,81.67,kWh,MTR-001
CLI-002,2026-06-09 04:00:00,602.19,kWh,MTR-002
CLI-003,2026-06-09 04:00:00,335.72,kWh,MTR-003
CLI-001,2026-06-09 05:00:00,66.39,kWh,MTR-001
CLI-002,2026-06-09 05:00:00,632.59,kWh,MTR-002
CLI-003,2026-06-09 05:00:00,328.42,kWh,MTR-003
CLI-001,2026-06-09 06:00:00,613.27,kWh,MTR-001
CLI-002,2026-06-09 06:00:00,636.56,kWh,MTR-002
CLI-003,2026-06-09 06:00:00,336.25,kWh,MTR-003
CLI-001,2026-06-09 07:00:00,609.32,kWh,MTR-001
CLI-002,2026-06-09 07:00:00,572.84,kWh,MTR-002
CLI-003,2026-06-09 07:00:00,490.17,kWh,MTR-003
CLI-001,2026-06-09 08:00:00,545.62,kWh,MTR-001
CLI-002,2026-06-09 08:00:00,490.53,kWh,MTR-002
CLI-003,2026-06-09 08:00:00,483.49,kWh,MTR-003
CLI-001,2026-06-09 09:00:00,516.26,kWh,MTR-001
CLI-002,2026-06-09 09:00:00,379.14,kWh,MTR-002
CLI-003,2026-06-09 09:00:00,470.72,kWh,MTR-003
CLI-001,2026-06-09 10:00:00,530.26,kWh,MTR-001
CLI-002,2026-06-09 10:00:00,384.18,kWh,MTR-002
CLI-003,2026-06-09 10:00:00,498.71,kWh,MTR-003
CLI-001,2026-06-09 11:00:00,547.76,kWh,MTR-001
CLI-002,2026-06-09 11:00:00,393.44,kWh,MTR-002
CLI-003,2026-06-09 11:00:00,472.23,kWh,MTR-003
CLI-001,2026-06-09 12:00:00,546.14,kWh,MTR-001
CLI-002,2026-06-09 12:00:00,332.65,kWh,MTR-002
CLI-003,2026-06-09 12:00:00,498.4,kWh,MTR-003
CLI-001,2026-06-09 13:00:00,497.96,kWh,MTR-001
CLI-002,2026-06-09 13:00:00,366.48,kWh,MTR-002
CLI-003,2026-06-09 13:00:00,500.5,kWh,MTR-003
CLI-001,2026-06-09 14:00:00,536.1,kWh,MTR-001
CLI-002,2026-06-09 14:00:00,379.73,kWh,MTR-002
CLI-003,2026-06-09 14:00:00,449.6,kWh,MTR-003
CLI-001,2026-06-09 15:00:00,489.39,kWh,MTR-001
CLI-002,2026-06-09 15:00:00,383.52,kWh,MTR-002
CLI-003,2026-06-09 15:00:00,465.5,kWh,MTR-003
CLI-001,2026-06-09 16:00:00,495.24,kWh,MTR-001
CLI-002,2026-06-09 16:00:00,508.83,kWh,MTR-002
CLI-003,2026-06-09 16:00:00,465.9,kWh,MTR-003
CLI-001,2026-06-09 17:00:00,559.62,kWh,MTR-001
CLI-002,2026-06-09 17:00:00,555.97,kWh,MTR-002
CLI-003,2026-06-09 17:00:00,449.54,kWh,MTR-003
CLI-001,2026-06-09 18:00:00,529.41,kWh,MTR-001
CLI-002,2026-06-09 18:00:00,600.87,kWh,MTR-002
CLI-003,2026-06-09 18:00:00,453.64,kWh,MTR-003
CLI-001,2026-06-09 19:00:00,505.86,kWh,MTR-001
CLI-002,2026-06-09 19:00:00,623.08,kWh,MTR-002
CLI-003,2026-06-09 19:00:00,348.34,kWh,MTR-003
CLI-001,2026-06-09 20:00:00,500.5,kWh,MTR-001
CLI-002,2026-06-09 20:00:00,579.11,kWh,MTR-002
CLI-003,2026-06-09 20:00:00,329.39,kWh,MTR-003
CLI-001,2026-06-09 21:00:00,559.74,kWh,MTR-001
CLI-002,2026-06-09 21:00:00,642.7,kWh,MTR-002
CLI-003,2026-06-09 21:00:00,349.93,kWh,MTR-003
CLI-001,2026-06-09 22:00:00,66.34,kWh,MTR-001
CLI-002,2026-06-09 22:00:00,596.18,kWh,MTR-002
CLI-003,2026-06-09 22:00:00,334.84,kWh,MTR-003
CLI-001,2026-06-09 23:00:00,73.99,kWh,MTR-001
CLI-002,2026-06-09 23:00:00,593.22,kWh,MTR-002
CLI-003,2026-06-09 23:00:00,357.21,kWh,MTR-003
CLI-001,2026-06-10 00:00:00,63.3,kWh,MTR-001
CLI-002,2026-06-10 00:00:00,612.13,kWh,MTR-002
CLI-003,2026-06-10 00:00:00,324.67,kWh,MTR-003
CLI-001,2026-06-10 01:00:00,63.2,kWh,MTR-001
CLI-002,2026-06-10 01:00:00,633.44,kWh,MTR-002
CLI-003,2026-06-10 01:00:00,357.05,kWh,MTR-003
CLI-001,2026-06-10 02:00:00,81.92,kWh,MTR-001
CLI-002,2026-06-10 02:00:00,628.31,kWh,MTR-002
CLI-003,2026-06-10 02:00:00,332.52,kWh,MTR-003
CLI-001,2026-06-10 03:00:00,67.89,kWh,MTR-001
CLI-002,2026-06-10 03:00:00,628.46,kWh,MTR-002
CLI-003,2026-06-10 03:00:00,354.12,kWh,MTR-003
CLI-001,2026-06-10 04:00:00,79.96,kWh,MTR-001
CLI-002,2026-06-10 04:00:00,585.4,kWh,MTR-002
CLI-003,2026-06-10 04:00:00,321.43,kWh,MTR-003
CLI-001,2026-06-10 05:00:00,77.65,kWh,MTR-001
CLI-002,2026-06-10 05:00:00,644.66,kWh,MTR-002
CLI-003,2026-06-10 05:00:00,321.63,kWh,MTR-003
CLI-001,2026-06-10 06:00:00,596.72,kWh,MTR-001
CLI-002,2026-06-10 06:00:00,609.51,kWh,MTR-002
CLI-003,2026-06-10 06:00:00,354.68,kWh,MTR-003
CLI-001,2026-06-10 07:00:00,547.49,kWh,MTR-001
CLI-002,2026-06-10 07:00:00,630.9,kWh,MTR-002
CLI-003,2026-06-10 07:00:00,488.21,kWh,MTR-003
CLI-001,2026-06-10 08:00:00,557.73,kWh,MTR-001
CLI-002,2026-06-10 08:00:00,573.49,kWh,MTR-002
CLI-003,2026-06-10 08:00:00,488.7,kWh,MTR-003
CLI-001,2026-06-10 09:00:00,534.5,kWh,MTR-001
CLI-002,2026-06-10 09:00:00,525.46,kWh,MTR-002
CLI-003,2026-06-10 09:00:00,443.58,kWh,MTR-003
CLI-001,2026-06-10 10:00:00,532.76,kWh,MTR-001
CLI-002,2026-06-10 10:00:00,486.41,kWh,MTR-002
CLI-003,2026-06-10 10:00:00,489.77,kWh,MTR-003
CLI-001,2026-06-10 11:00:00,538.52,kWh,MTR-001
CLI-002,2026-06-10 11:00:00,469.08,kWh,MTR-002
CLI-003,2026-06-10 11:00:00,470.44,kWh,MTR-003
CLI-001,2026-06-10 12:00:00,485.66,kWh,MTR-001
CLI-002,2026-06-10 12:00:00,437.64,kWh,MTR-002
CLI-003,2026-06-10 12:00:00,472.3,kWh,MTR-003
CLI-001,2026-06-10 13:00:00,493.04,kWh,MTR-001
CLI-002,2026-06-10 13:00:00,417.74,kWh,MTR-002
CLI-003,2026-06-10 13:00:00,467.6,kWh,MTR-003
CLI-001,2026-06-10 14:00:00,504.81,kWh,MTR-001
CLI-002,2026-06-10 14:00:00,451.44,kWh,MTR-002
CLI-003,2026-06-10 14:00:00,481.15,kWh,MTR-003
CLI-001,2026-06-10 15:00:00,525.04,kWh,MTR-001
CLI-002,2026-06-10 15:00:00,520.89,kWh,MTR-002
CLI-003,2026-06-10 15:00:00,453.25,kWh,MTR-003
CLI-001,2026-06-10 16:00:00,517.08,kWh,MTR-001
CLI-002,2026-06-10 16:00:00,611.53,kWh,MTR-002
CLI-003,2026-06-10 16:00:00,464.71,kWh,MTR-003
CLI-001,2026-06-10 17:00:00,552.58,kWh,MTR-001
CLI-002,2026-06-10 17:00:00,644.04,kWh,MTR-002
CLI-003,2026-06-10 17:00:00,464.79,kWh,MTR-003
CLI-001,2026-06-10 18:00:00,486.12,kWh,MTR-001
CLI-002,2026-06-10 18:00:00,582.53,kWh,MTR-002
CLI-003,2026-06-10 18:00:00,458.61,kWh,MTR-003
CLI-001,2026-06-10 19:00:00,500.27,kWh,MTR-001
CLI-002,2026-06-10 19:00:00,580.72,kWh,MTR-002
CLI-003,2026-06-10 19:00:00,324.56,kWh,MTR-003
CLI-001,2026-06-10 20:00:00,494.36,kWh,MTR-001
CLI-002,2026-06-10 20:00:00,602.51,kWh,MTR-002
CLI-003,2026-06-10 20:00:00,355.07,kWh,MTR-003
CLI-001,2026-06-10 21:00:00,526.98,kWh,MTR-001
CLI-002,2026-06-10 21:00:00,621.92,kWh,MTR-002
CLI-003,2026-06-10 21:00:00,330.6,kWh,MTR-003
CLI-001,2026-06-10 22:00:00,81.78,kWh,MTR-001
CLI-002,2026-06-10 22:00:00,587.96,kWh,MTR-002
CLI-003,2026-06-10 22:00:00,344.16,kWh,MTR-003
CLI-001,2026-06-10 23:00:00,62.66,kWh,MTR-001
CLI-002,2026-06-10 23:00:00,575.41,kWh,MTR-002
CLI-003,2026-06-10 23:00:00,326.87,kWh,MTR-003
CLI-001,2026-06-11 00:00:00,77.3,kWh,MTR-001
CLI-002,2026-06-11 00:00:00,642.61,kWh,MTR-002
CLI-003,2026-06-11 00:00:00,339.47,kWh,MTR-003
CLI-001,2026-06-11 01:00:00,84.35,kWh,MTR-001
CLI-002,2026-06-11 01:00:00,622.17,kWh,MTR-002
CLI-003,2026-06-11 01:00:00,335.8,kWh,MTR-003
CLI-001,2026-06-11 02:00:00,63.13,kWh,MTR-001
CLI-002,2026-06-11 02:00:00,582.83,kWh,MTR-002
CLI-003,2026-06-11 02:00:00,358.82,kWh,MTR-003
CLI-001,2026-06-11 03:00:00,65.23,kWh,MTR-001
CLI-002,2026-06-11 03:00:00,620.48,kWh,MTR-002
CLI-003,2026-06-11 03:00:00,345.04,kWh,MTR-003
CLI-001,2026-06-11 04:00:00,64.77,kWh,MTR-001
CLI-002,2026-06-11 04:00:00,607.44,kWh,MTR-002
CLI-003,2026-06-11 04:00:00,320.87,kWh,MTR-003
CLI-001,2026-06-11 05:00:00,63.81,kWh,MTR-001
CLI-002,2026-06-11 05:00:00,642.47,kWh,MTR-002
CLI-003,2026-06-11 05:00:00,354.39,kWh,MTR-003
CLI-001,2026-06-11 06:00:00,556.11,kWh,MTR-001
CLI-002,2026-06-11 06:00:00,633.37,kWh,MTR-002
CLI-003,2026-06-11 06:00:00,320.31,kWh,MTR-003
CLI-001,2026-06-11 07:00:00,597.05,kWh,MTR-001
CLI-002,2026-06-11 07:00:00,664.01,kWh,MTR-002
CLI-003,2026-06-11 07:00:00,461.26,kWh,MTR-003
CLI-001,2026-06-11 08:00:00,527.28,kWh,MTR-001
CLI-002,2026-06-11 08:00:00,573.02,kWh,MTR-002
CLI-003,2026-06-11 08:00:00,468.79,kWh,MTR-003
CLI-001,2026-06-11 09:00:00,485.08,kWh,MTR-001
CLI-002,2026-06-11 09:00:00,520.07,kWh,MTR-002
CLI-003,2026-06-11 09:00:00,469.8,kWh,MTR-003
CLI-001,2026-06-11 10:00:00,503.04,kWh,MTR-001
CLI-002,2026-06-11 10:00:00,487.06,kWh,MTR-002
CLI-003,2026-06-11 10:00:00,466.63,kWh,MTR-003
CLI-001,2026-06-11 11:00:00,532.56,kWh,MTR-001
CLI-002,2026-06-11 11:00:00,433.88,kWh,MTR-002
CLI-003,2026-06-11 11:00:00,483.96,kWh,MTR-003
CLI-001,2026-06-11 12:00:00,543.98,kWh,MTR-001
CLI-002,2026-06-11 12:00:00,488.3,kWh,MTR-002
CLI-003,2026-06-11 12:00:00,446.15,kWh,MTR-003
CLI-001,2026-06-11 13:00:00,488.07,kWh,MTR-001
CLI-002,2026-06-11 13:00:00,500.79,kWh,MTR-002
CLI-003,2026-06-11 13:00:00,462.15,kWh,MTR-003
CLI-001,2026-06-11 14:00:00,492.69,kWh,MTR-001
CLI-002,2026-06-11 14:00:00,539.75,kWh,MTR-002
CLI-003,2026-06-11 14:00:00,463.32,kWh,MTR-003
CLI-001,2026-06-11 15:00:00,500.63,kWh,MTR-001
CLI-002,2026-06-11 15:00:00,563.92,kWh,MTR-002
CLI-003,2026-06-11 15:00:00,461.75,kWh,MTR-003
CLI-001,2026-06-11 16:00:00,533.56,kWh,MTR-001
CLI-002,2026-06-11 16:00:00,610.87,kWh,MTR-002
CLI-003,2026-06-11 16:00:00,442.61,kWh,MTR-003
CLI-001,2026-06-11 17:00:00,542.57,kWh,MTR-001
CLI-002,2026-06-11 17:00:00,665.12,kWh,MTR-002
CLI-003,2026-06-11 17:00:00,497.16,kWh,MTR-003
CLI-001,2026-06-11 18:00:00,503.37,kWh,MTR-001
CLI-002,2026-06-11 18:00:00,610.41,kWh,MTR-002
CLI-003,2026-06-11 18:00:00,458.38,kWh,MTR-003
CLI-001,2026-06-11 19:00:00,491.02,kWh,MTR-001
CLI-002,2026-06-11 19:00:00,605.74,kWh,MTR-002
CLI-003,2026-06-11 19:00:00,350.76,kWh,MTR-003
CLI-001,2026-06-11 20:00:00,544.73,kWh,MTR-001
CLI-002,2026-06-11 20:00:00,610.35,kWh,MTR-002
CLI-003,2026-06-11 20:00:00,334.9,kWh,MTR-003
CLI-001,2026-06-11 21:00:00,508.85,kWh,MTR-001
CLI-002,2026-06-11 21:00:00,585.61,kWh,MTR-002
CLI-003,2026-06-11 21:00:00,336.87,kWh,MTR-003
CLI-001,2026-06-11 22:00:00,80.04,kWh,MTR-001
CLI-002,2026-06-11 22:00:00,603.65,kWh,MTR-002
CLI-003,2026-06-11 22:00:00,354.1,kWh,MTR-003
CLI-001,2026-06-11 23:00:00,69.04,kWh,MTR-001
CLI-002,2026-06-11 23:00:00,,kWh,MTR-002
CLI-003,2026-06-11 23:00:00,352.25,kWh,MTR-003
CLI-001,2026-06-12 00:00:00,62.12,kWh,MTR-001
CLI-002,2026-06-12 00:00:00,643.74,kWh,MTR-002
CLI-003,2026-06-12 00:00:00,322.46,kWh,MTR-003
CLI-001,2026-06-12 01:00:00,76.5,kWh,MTR-001
CLI-002,2026-06-12 01:00:00,638.18,kWh,MTR-002
CLI-003,2026-06-12 01:00:00,345.26,kWh,MTR-003
CLI-001,2026-06-12 02:00:00,76.51,kWh,MTR-001
CLI-002,2026-06-12 02:00:00,595.7,kWh,MTR-002
CLI-003,2026-06-12 02:00:00,347.23,kWh,MTR-003
CLI-001,2026-06-12 03:00:00,67.61,kWh,MTR-001
CLI-002,2026-06-12 03:00:00,,kWh,MTR-002
CLI-003,2026-06-12 03:00:00,331.19,kWh,MTR-003
CLI-001,2026-06-12 04:00:00,83.01,kWh,MTR-001
CLI-002,2026-06-12 04:00:00,606.23,kWh,MTR-002
CLI-003,2026-06-12 04:00:00,341.78,kWh,MTR-003
CLI-001,2026-06-12 05:00:00,76.3,kWh,MTR-001
CLI-002,2026-06-12 05:00:00,637.14,kWh,MTR-002
CLI-003,2026-06-12 05:00:00,336.18,kWh,MTR-003
CLI-001,2026-06-12 06:00:00,564.12,kWh,MTR-001
CLI-002,2026-06-12 06:00:00,598.41,kWh,MTR-002
CLI-003,2026-06-12 06:00:00,349.6,kWh,MTR-003
CLI-001,2026-06-12 07:00:00,619.35,kWh,MTR-001
CLI-002,2026-06-12 07:00:00,613.89,kWh,MTR-002
CLI-003,2026-06-12 07:00:00,442.24,kWh,MTR-003
CLI-001,2026-06-12 08:00:00,527.4,kWh,MTR-001
CLI-002,2026-06-12 08:00:00,602.81,kWh,MTR-002
CLI-003,2026-06-12 08:00:00,448.59,kWh,MTR-003
CLI-001,2026-06-12 09:00:00,508.36,kWh,MTR-001
CLI-002,2026-06-12 09:00:00,557.45,kWh,MTR-002
CLI-003,2026-06-12 09:00:00,482.61,kWh,MTR-003
CLI-001,2026-06-12 10:00:00,559.12,kWh,MTR-001
CLI-002,2026-06-12 10:00:00,497.83,kWh,MTR-002
CLI-003,2026-06-12 10:00:00,457.55,kWh,MTR-003
CLI-001,2026-06-12 11:00:00,537.19,kWh,MTR-001
CLI-002,2026-06-12 11:00:00,458.82,kWh,MTR-002
CLI-003,2026-06-12 11:00:00,482.98,kWh,MTR-003
CLI-001,2026-06-12 12:00:00,487.84,kWh,MTR-001
CLI-002,2026-06-12 12:00:00,500.89,kWh,MTR-002
CLI-003,2026-06-12 12:00:00,467.44,kWh,MTR-003
CLI-001,2026-06-12 13:00:00,522.1,kWh,MTR-001
CLI-002,2026-06-12 13:00:00,459.47,kWh,MTR-002
CLI-003,2026-06-12 13:00:00,465.14,kWh,MTR-003
CLI-001,2026-06-12 14:00:00,519.16,kWh,MTR-001
CLI-002,2026-06-12 14:00:00,525.99,kWh,MTR-002
CLI-003,2026-06-12 14:00:00,461.31,kWh,MTR-003
CLI-001,2026-06-12 15:00:00,489.44,kWh,MTR-001
CLI-002,2026-06-12 15:00:00,518.16,kWh,MTR-002
CLI-003,2026-06-12 15:00:00,491.12,kWh,MTR-003
CLI-001,2026-06-12 16:00:00,489.67,kWh,MTR-001
CLI-002,2026-06-12 16:00:00,561.95,kWh,MTR-002
CLI-003,2026-06-12 16:00:00,461.71,kWh,MTR-003
CLI-001,2026-06-12 17:00:00,491.37,kWh,MTR-001
CLI-002,2026-06-12 17:00:00,613.93,kWh,MTR-002
CLI-003,2026-06-12 17:00:00,482.43,kWh,MTR-003
CLI-001,2026-06-12 18:00:00,507.89,kWh,MTR-001
CLI-002,2026-06-12 18:00:00,604.23,kWh,MTR-002
CLI-003,2026-06-12 18:00:00,484.64,kWh,MTR-003
CLI-001,2026-06-12 19:00:00,518.02,kWh,MTR-001
CLI-002,2026-06-12 19:00:00,617.4,kWh,MTR-002
CLI-003,2026-06-12 19:00:00,340.19,kWh,MTR-003
CLI-001,2026-06-12 20:00:00,515.99,kWh,MTR-001
CLI-002,2026-06-12 20:00:00,635.64,kWh,MTR-002
CLI-003,2026-06-12 20:00:00,351.99,kWh,MTR-003
CLI-001,2026-06-12 21:00:00,512.77,kWh,MTR-001
CLI-002,2026-06-12 21:00:00,602.68,kWh,MTR-002
CLI-003,2026-06-12 21:00:00,358.32,kWh,MTR-003
CLI-001,2026-06-12 22:00:00,78.4,kWh,MTR-001
CLI-002,2026-06-12 22:00:00,635.62,kWh,MTR-002
CLI-003,2026-06-12 22:00:00,342.88,kWh,MTR-003
CLI-001,2026-06-12 23:00:00,77.68,kWh,MTR-001
CLI-002,2026-06-12 23:00:00,583.66,kWh,MTR-002
CLI-003,2026-06-12 23:00:00,327.7,kWh,MTR-003
CLI-001,2026-06-13 00:00:00,74.42,kWh,MTR-001
CLI-002,2026-06-13 00:00:00,614.92,kWh,MTR-002
CLI-003,2026-06-13 00:00:00,339.03,kWh,MTR-003
CLI-001,2026-06-13 01:00:00,63.01,kWh,MTR-001
CLI-002,2026-06-13 01:00:00,587.58,kWh,MTR-002
CLI-003,2026-06-13 01:00:00,351.47,kWh,MTR-003
CLI-001,2026-06-13 02:00:00,77.64,kWh,MTR-001
CLI-002,2026-06-13 02:00:00,606.1,kWh,MTR-002
CLI-003,2026-06-13 02:00:00,344.27,kWh,MTR-003
CLI-001,2026-06-13 03:00:00,61.12,kWh,MTR-001
CLI-002,2026-06-13 03:00:00,576.63,kWh,MTR-002
CLI-003,2026-06-13 03:00:00,336.6,kWh,MTR-003
CLI-001,2026-06-13 04:00:00,67.93,kWh,MTR-001
CLI-002,2026-06-13 04:00:00,583.03,kWh,MTR-002
CLI-003,2026-06-13 04:00:00,326.73,kWh,MTR-003
CLI-001,2026-06-13 05:00:00,66.39,kWh,MTR-001
CLI-002,2026-06-13 05:00:00,596.48,kWh,MTR-002
CLI-003,2026-06-13 05:00:00,326.77,kWh,MTR-003
CLI-001,2026-06-13 06:00:00,566.02,kWh,MTR-001
CLI-002,2026-06-13 06:00:00,579.1,kWh,MTR-002
CLI-003,2026-06-13 06:00:00,332.8,kWh,MTR-003
CLI-001,2026-06-13 07:00:00,565.94,kWh,MTR-001
CLI-002,2026-06-13 07:00:00,666.57,kWh,MTR-002
CLI-003,2026-06-13 07:00:00,343.44,kWh,MTR-003
CLI-001,2026-06-13 08:00:00,540.19,kWh,MTR-001
CLI-002,2026-06-13 08:00:00,575.83,kWh,MTR-002
CLI-003,2026-06-13 08:00:00,339.37,kWh,MTR-003
CLI-001,2026-06-13 09:00:00,498.7,kWh,MTR-001
CLI-002,2026-06-13 09:00:00,476.69,kWh,MTR-002
CLI-003,2026-06-13 09:00:00,342.19,kWh,MTR-003
CLI-001,2026-06-13 10:00:00,504.37,kWh,MTR-001
CLI-002,2026-06-13 10:00:00,428.43,kWh,MTR-002
CLI-003,2026-06-13 10:00:00,334.93,kWh,MTR-003
CLI-001,2026-06-13 11:00:00,542.56,kWh,MTR-001
CLI-002,2026-06-13 11:00:00,25462.34,kWh,MTR-002
CLI-003,2026-06-13 11:00:00,353.17,kWh,MTR-003
CLI-001,2026-06-13 12:00:00,48344.61,kWh,MTR-001
CLI-002,2026-06-13 12:00:00,445.82,kWh,MTR-002
CLI-003,2026-06-13 12:00:00,334.06,kWh,MTR-003
CLI-001,2026-06-13 13:00:00,526.81,kWh,MTR-001
CLI-002,2026-06-13 13:00:00,399.18,kWh,MTR-002
CLI-003,2026-06-13 13:00:00,335.81,kWh,MTR-003
CLI-001,2026-06-13 14:00:00,491.17,kWh,MTR-001
CLI-002,2026-06-13 14:00:00,476.89,kWh,MTR-002
CLI-003,2026-06-13 14:00:00,332.73,kWh,MTR-003
CLI-001,2026-06-13 15:00:00,507.41,kWh,MTR-001
CLI-002,2026-06-13 15:00:00,536.26,kWh,MTR-002
CLI-003,2026-06-13 15:00:00,333.67,kWh,MTR-003
CLI-001,2026-06-13 16:00:00,527.96,kWh,MTR-001
CLI-002,2026-06-13 16:00:00,566.16,kWh,MTR-002
CLI-003,2026-06-13 16:00:00,356.06,kWh,MTR-003
CLI-001,2026-06-13 17:00:00,513.05,kWh,MTR-001
CLI-002,2026-06-13 17:00:00,651.01,kWh,MTR-002
CLI-003,2026-06-13 17:00:00,345.96,kWh,MTR-003
CLI-001,2026-06-13 18:00:00,482.48,kWh,MTR-001
CLI-002,2026-06-13 18:00:00,622.01,kWh,MTR-002
CLI-003,2026-06-13 18:00:00,334.12,kWh,MTR-003
CLI-001,2026-06-13 19:00:00,546.2,kWh,MTR-001
CLI-002,2026-06-13 19:00:00,587.4,kWh,MTR-002
CLI-003,2026-06-13 19:00:00,,kWh,MTR-003
CLI-001,2026-06-13 20:00:00,517.02,kWh,MTR-001
CLI-002,2026-06-13 20:00:00,606.12,kWh,MTR-002
CLI-003,2026-06-13 20:00:00,320.79,kWh,MTR-003
CLI-001,2026-06-13 21:00:00,553.71,kWh,MTR-001
CLI-002,2026-06-13 21:00:00,581.3,kWh,MTR-002
CLI-003,2026-06-13 21:00:00,332.13,kWh,MTR-003
CLI-001,2026-06-13 22:00:00,65.86,kWh,MTR-001
CLI-002,2026-06-13 22:00:00,600.41,kWh,MTR-002
CLI-003,2026-06-13 22:00:00,356.18,kWh,MTR-003
CLI-001,2026-06-13 23:00:00,65.23,kWh,MTR-001
CLI-002,2026-06-13 23:00:00,632.48,kWh,MTR-002
CLI-003,2026-06-13 23:00:00,354.8,kWh,MTR-003
CLI-001,2026-06-14 00:00:00,39.88,kWh,MTR-001
CLI-002,2026-06-14 00:00:00,621.19,kWh,MTR-002
CLI-003,2026-06-14 00:00:00,347.3,kWh,MTR-003
CLI-001,2026-06-14 01:00:00,31.31,kWh,MTR-001
CLI-002,2026-06-14 01:00:00,579.55,kWh,MTR-002
CLI-003,2026-06-14 01:00:00,342.8,kWh,MTR-003
CLI-001,2026-06-14 02:00:00,40.46,kWh,MTR-001
CLI-002,2026-06-14 02:00:00,588.43,kWh,MTR-002
CLI-003,2026-06-14 02:00:00,359.68,kWh,MTR-003
CLI-001,2026-06-14 03:00:00,40.66,kWh,MTR-001
CLI-002,2026-06-14 03:00:00,614.21,kWh,MTR-002
CLI-003,2026-06-14 03:00:00,357.52,kWh,MTR-003
CLI-001,2026-06-14 04:00:00,48.86,kWh,MTR-001
CLI-002,2026-06-14 04:00:00,640.71,kWh,MTR-002
CLI-003,2026-06-14 04:00:00,359.8,kWh,MTR-003
CLI-001,2026-06-14 05:00:00,43.6,kWh,MTR-001
CLI-002,2026-06-14 05:00:00,600.3,kWh,MTR-002
CLI-003,2026-06-14 05:00:00,355.35,kWh,MTR-003
CLI-001,2026-06-14 06:00:00,35.56,kWh,MTR-001
CLI-002,2026-06-14 06:00:00,606.42,kWh,MTR-002
CLI-003,2026-06-14 06:00:00,327.78,kWh,MTR-003
CLI-001,2026-06-14 07:00:00,41.44,kWh,MTR-001
CLI-002,2026-06-14 07:00:00,642.93,kWh,MTR-002
CLI-003,2026-06-14 07:00:00,330.0,kWh,MTR-003
CLI-001,2026-06-14 08:00:00,36.22,kWh,MTR-001
CLI-002,2026-06-14 08:00:00,563.0,kWh,MTR-002
CLI-003,2026-06-14 08:00:00,345.05,kWh,MTR-003
CLI-001,2026-06-14 09:00:00,35.01,kWh,MTR-001
CLI-002,2026-06-14 09:00:00,502.39,kWh,MTR-002
CLI-003,2026-06-14 09:00:00,351.76,kWh,MTR-003
CLI-001,2026-06-14 10:00:00,45.51,kWh,MTR-001
CLI-002,2026-06-14 10:00:00,490.59,kWh,MTR-002
CLI-003,2026-06-14 10:00:00,322.43,kWh,MTR-003
CLI-001,2026-06-14 11:00:00,36.27,kWh,MTR-001
CLI-002,2026-06-14 11:00:00,480.72,kWh,MTR-002
CLI-003,2026-06-14 11:00:00,332.06,kWh,MTR-003
CLI-001,2026-06-14 12:00:00,31.32,kWh,MTR-001
CLI-002,2026-06-14 12:00:00,469.26,kWh,MTR-002
CLI-003,2026-06-14 12:00:00,350.08,kWh,MTR-003
CLI-001,2026-06-14 13:00:00,41.99,kWh,MTR-001
CLI-002,2026-06-14 13:00:00,444.21,kWh,MTR-002
CLI-003,2026-06-14 13:00:00,344.77,kWh,MTR-003
CLI-001,2026-06-14 14:00:00,48.75,kWh,MTR-001
CLI-002,2026-06-14 14:00:00,484.31,kWh,MTR-002
CLI-003,2026-06-14 14:00:00,343.81,kWh,MTR-003
CLI-001,2026-06-14 15:00:00,45.79,kWh,MTR-001
CLI-002,2026-06-14 15:00:00,509.19,kWh,MTR-002
CLI-003,2026-06-14 15:00:00,348.98,kWh,MTR-003
CLI-001,2026-06-14 16:00:00,34.86,kWh,MTR-001
CLI-002,2026-06-14 16:00:00,556.66,kWh,MTR-002
CLI-003,2026-06-14 16:00:00,350.17,kWh,MTR-003
CLI-001,2026-06-14 17:00:00,47.7,kWh,MTR-001
CLI-002,2026-06-14 17:00:00,618.46,kWh,MTR-002
CLI-003,2026-06-14 17:00:00,320.32,kWh,MTR-003
CLI-001,2026-06-14 18:00:00,43.57,kWh,MTR-001
CLI-002,2026-06-14 18:00:00,610.5,kWh,MTR-002
CLI-003,2026-06-14 18:00:00,354.35,kWh,MTR-003
CLI-001,2026-06-14 19:00:00,33.91,kWh,MTR-001
CLI-002,2026-06-14 19:00:00,638.6,kWh,MTR-002
CLI-003,2026-06-14 19:00:00,333.66,kWh,MTR-003
CLI-001,2026-06-14 20:00:00,43.9,kWh,MTR-001
CLI-002,2026-06-14 20:00:00,616.98,kWh,MTR-002
CLI-003,2026-06-14 20:00:00,343.14,kWh,MTR-003
CLI-001,2026-06-14 21:00:00,42.32,kWh,MTR-001
CLI-002,2026-06-14 21:00:00,586.36,kWh,MTR-002
CLI-003,2026-06-14 21:00:00,351.57,kWh,MTR-003
CLI-001,2026-06-14 22:00:00,1759.0,kWh,MTR-001
CLI-001,2026-06-14 22:00:00,1759.0,kWh,MTR-001
CLI-002,2026-06-14 22:00:00,591.12,kWh,MTR-002
CLI-003,2026-06-14 22:00:00,329.56,kWh,MTR-003
CLI-001,2026-06-14 23:00:00,49.05,kWh,MTR-001
CLI-002,2026-06-14 23:00:00,626.81,kWh,MTR-002
CLI-003,2026-06-14 23:00:00,327.37,kWh,MTR-003
CLI-001,2026-06-15 00:00:00,69.07,kWh,MTR-001
CLI-002,2026-06-15 00:00:00,577.1,kWh,MTR-002
CLI-003,2026-06-15 00:00:00,416.62,kWh,MTR-003
CLI-001,2026-06-15 01:00:00,74.64,kWh,MTR-001
CLI-002,2026-06-15 01:00:00,578.07,kWh,MTR-002
CLI-003,2026-06-15 01:00:00,412.91,kWh,MTR-003
CLI-001,2026-06-15 02:00:00,82.13,kWh,MTR-001
CLI-002,2026-06-15 02:00:00,598.79,kWh,MTR-002
CLI-003,2026-06-15 02:00:00,412.14,kWh,MTR-003
CLI-001,2026-06-15 03:00:00,81.07,kWh,MTR-001
CLI-002,2026-06-15 03:00:00,576.47,kWh,MTR-002
CLI-003,2026-06-15 03:00:00,420.16,kWh,MTR-003
CLI-001,2026-06-15 04:00:00,62.77,kWh,MTR-001
CLI-002,2026-06-15 04:00:00,596.36,kWh,MTR-002
CLI-003,2026-06-15 04:00:00,437.38,kWh,MTR-003
CLI-001,2026-06-15 05:00:00,83.53,kWh,MTR-001
CLI-002,2026-06-15 05:00:00,644.84,kWh,MTR-002
CLI-003,2026-06-15 05:00:00,355.14,kWh,MTR-003
CLI-001,2026-06-15 06:00:00,551.55,kWh,MTR-001
CLI-002,2026-06-15 06:00:00,630.64,kWh,MTR-002
CLI-003,2026-06-15 06:00:00,335.13,kWh,MTR-003
CLI-001,2026-06-15 07:00:00,587.96,kWh,MTR-001
CLI-002,2026-06-15 07:00:00,642.84,kWh,MTR-002
CLI-003,2026-06-15 07:00:00,480.11,kWh,MTR-003
CLI-001,2026-06-15 08:00:00,484.26,kWh,MTR-001
CLI-002,2026-06-15 08:00:00,601.93,kWh,MTR-002
CLI-003,2026-06-15 08:00:00,445.81,kWh,MTR-003
CLI-001,2026-06-15 09:00:00,533.08,kWh,MTR-001
CLI-002,2026-06-15 09:00:00,509.48,kWh,MTR-002
CLI-003,2026-06-15 09:00:00,468.87,kWh,MTR-003
CLI-001,2026-06-15 10:00:00,509.91,kWh,MTR-001
CLI-002,2026-06-15 10:00:00,488.91,kWh,MTR-002
CLI-003,2026-06-15 10:00:00,489.37,kWh,MTR-003
CLI-001,2026-06-15 11:00:00,497.56,kWh,MTR-001
CLI-002,2026-06-15 11:00:00,484.96,kWh,MTR-002
CLI-003,2026-06-15 11:00:00,485.92,kWh,MTR-003
CLI-001,2026-06-15 12:00:00,524.04,kWh,MTR-001
CLI-002,2026-06-15 12:00:00,417.87,kWh,MTR-002
CLI-003,2026-06-15 12:00:00,472.24,kWh,MTR-003
CLI-001,2026-06-15 13:00:00,517.4,kWh,MTR-001
CLI-002,2026-06-15 13:00:00,492.29,kWh,MTR-002
CLI-003,2026-06-15 13:00:00,463.71,kWh,MTR-003
CLI-001,2026-06-15 14:00:00,486.59,kWh,MTR-001
CLI-002,2026-06-15 14:00:00,478.64,kWh,MTR-002
CLI-003,2026-06-15 14:00:00,441.08,kWh,MTR-003
CLI-001,2026-06-15 15:00:00,496.02,kWh,MTR-001
CLI-002,2026-06-15 15:00:00,539.22,kWh,MTR-002
CLI-003,2026-06-15 15:00:00,-233.28,kWh,MTR-003
CLI-001,2026-06-15 16:00:00,540.19,kWh,MTR-001
CLI-002,2026-06-15 16:00:00,628.66,kWh,MTR-002
CLI-003,2026-06-15 16:00:00,478.44,kWh,MTR-003
CLI-001,2026-06-15 17:00:00,526.4,kWh,MTR-001
CLI-002,2026-06-15 17:00:00,650.22,kWh,MTR-002
CLI-003,2026-06-15 17:00:00,457.71,kWh,MTR-003
CLI-001,2026-06-15 18:00:00,517.96,kWh,MTR-001
CLI-002,2026-06-15 18:00:00,630.02,kWh,MTR-002
CLI-003,2026-06-15 18:00:00,477.74,kWh,MTR-003
CLI-001,2026-06-15 19:00:00,505.05,kWh,MTR-001
CLI-002,2026-06-15 19:00:00,628.91,kWh,MTR-002
CLI-003,2026-06-15 19:00:00,328.38,kWh,MTR-003
CLI-001,2026-06-15 20:00:00,524.68,kWh,MTR-001
CLI-002,2026-06-15 20:00:00,615.43,kWh,MTR-002
CLI-003,2026-06-15 20:00:00,,kWh,MTR-003
CLI-001,2026-06-15 21:00:00,544.83,kWh,MTR-001
CLI-002,2026-06-15 21:00:00,598.79,kWh,MTR-002
CLI-003,2026-06-15 21:00:00,347.43,kWh,MTR-003
CLI-001,2026-06-15 22:00:00,79.47,kWh,MTR-001
CLI-002,2026-06-15 22:00:00,597.83,kWh,MTR-002
CLI-003,2026-06-15 22:00:00,436.41,kWh,MTR-003
CLI-001,2026-06-15 23:00:00,63.84,kWh,MTR-001
CLI-002,2026-06-15 23:00:00,598.12,kWh,MTR-002
CLI-003,2026-06-15 23:00:00,429.12,kWh,MTR-003
CLI-001,2026-06-16 00:00:00,81.67,kWh,MTR-001
CLI-002,2026-06-16 00:00:00,589.29,kWh,MTR-002
CLI-003,2026-06-16 00:00:00,426.38,kWh,MTR-003
CLI-001,2026-06-16 01:00:00,62.72,kWh,MTR-001
CLI-002,2026-06-16 01:00:00,606.61,kWh,MTR-002
CLI-003,2026-06-16 01:00:00,408.73,kWh,MTR-003
CLI-001,2026-06-16 02:00:00,73.82,kWh,MTR-001
CLI-002,2026-06-16 02:00:00,623.23,kWh,MTR-002
CLI-003,2026-06-16 02:00:00,412.47,kWh,MTR-003
CLI-001,2026-06-16 03:00:00,84.07,kWh,MTR-001
CLI-002,2026-06-16 03:00:00,591.31,kWh,MTR-002
CLI-003,2026-06-16 03:00:00,407.8,kWh,MTR-003
CLI-001,2026-06-16 04:00:00,72.96,kWh,MTR-001
CLI-002,2026-06-16 04:00:00,635.18,kWh,MTR-002
CLI-003,2026-06-16 04:00:00,411.28,kWh,MTR-003
CLI-001,2026-06-16 05:00:00,73.41,kWh,MTR-001
CLI-002,2026-06-16 05:00:00,579.81,kWh,MTR-002
CLI-003,2026-06-16 05:00:00,354.63,kWh,MTR-003
CLI-001,2026-06-16 06:00:00,556.45,kWh,MTR-001
CLI-002,2026-06-16 06:00:00,624.68,kWh,MTR-002
CLI-003,2026-06-16 06:00:00,344.15,kWh,MTR-003
CLI-001,2026-06-16 07:00:00,587.0,kWh,MTR-001
CLI-002,2026-06-16 07:00:00,644.99,kWh,MTR-002
CLI-003,2026-06-16 07:00:00,449.54,kWh,MTR-003
CLI-001,2026-06-16 08:00:00,522.07,kWh,MTR-001
CLI-002,2026-06-16 08:00:00,610.56,kWh,MTR-002
CLI-003,2026-06-16 08:00:00,472.95,kWh,MTR-003
CLI-001,2026-06-16 09:00:00,536.03,kWh,MTR-001
CLI-002,2026-06-16 09:00:00,511.78,kWh,MTR-002
CLI-003,2026-06-16 09:00:00,471.96,kWh,MTR-003
CLI-001,2026-06-16 10:00:00,516.63,kWh,MTR-001
CLI-002,2026-06-16 10:00:00,448.87,kWh,MTR-002
CLI-003,2026-06-16 10:00:00,470.7,kWh,MTR-003
CLI-001,2026-06-16 11:00:00,530.25,kWh,MTR-001
CLI-002,2026-06-16 11:00:00,470.4,kWh,MTR-002
CLI-003,2026-06-16 11:00:00,484.51,kWh,MTR-003
CLI-001,2026-06-16 12:00:00,559.63,kWh,MTR-001
CLI-002,2026-06-16 12:00:00,381.72,kWh,MTR-002
CLI-003,2026-06-16 12:00:00,460.29,kWh,MTR-003
CLI-001,2026-06-16 13:00:00,485.86,kWh,MTR-001
CLI-002,2026-06-16 13:00:00,494.49,kWh,MTR-002
CLI-003,2026-06-16 13:00:00,451.19,kWh,MTR-003
CLI-001,2026-06-16 14:00:00,553.37,kWh,MTR-001
CLI-002,2026-06-16 14:00:00,485.01,kWh,MTR-002
CLI-003,2026-06-16 14:00:00,473.19,kWh,MTR-003
CLI-001,2026-06-16 15:00:00,545.63,kWh,MTR-001
CLI-002,2026-06-16 15:00:00,525.32,kWh,MTR-002
CLI-003,2026-06-16 15:00:00,468.11,kWh,MTR-003
CLI-001,2026-06-16 16:00:00,541.09,kWh,MTR-001
CLI-002,2026-06-16 16:00:00,552.63,kWh,MTR-002
CLI-003,2026-06-16 16:00:00,468.49,kWh,MTR-003
CLI-001,2026-06-16 17:00:00,546.92,kWh,MTR-001
CLI-002,2026-06-16 17:00:00,660.93,kWh,MTR-002
CLI-003,2026-06-16 17:00:00,448.91,kWh,MTR-003
CLI-003,2026-06-16 17:00:00,448.91,kWh,MTR-003
CLI-001,2026-06-16 18:00:00,541.79,kWh,MTR-001
CLI-002,2026-06-16 18:00:00,640.02,kWh,MTR-002
CLI-003,2026-06-16 18:00:00,447.28,kWh,MTR-003
CLI-001,2026-06-16 19:00:00,559.14,kWh,MTR-001
CLI-002,2026-06-16 19:00:00,588.45,kWh,MTR-002
CLI-003,2026-06-16 19:00:00,328.82,kWh,MTR-003
CLI-001,2026-06-16 20:00:00,543.75,kWh,MTR-001
CLI-002,2026-06-16 20:00:00,586.75,kWh,MTR-002
CLI-003,2026-06-16 20:00:00,336.63,kWh,MTR-003
CLI-001,2026-06-16 21:00:00,506.17,kWh,MTR-001
CLI-002,2026-06-16 21:00:00,588.27,kWh,MTR-002
CLI-003,2026-06-16 21:00:00,341.67,kWh,MTR-003
CLI-001,2026-06-16 22:00:00,63.02,kWh,MTR-001
CLI-002,2026-06-16 22:00:00,599.96,kWh,MTR-002
CLI-003,2026-06-16 22:00:00,421.09,kWh,MTR-003
CLI-001,2026-06-16 23:00:00,69.73,kWh,MTR-001
CLI-002,2026-06-16 23:00:00,579.62,kWh,MTR-002
CLI-003,2026-06-16 23:00:00,431.0,kWh,MTR-003
CLI-001,2026-06-17 00:00:00,61.68,kWh,MTR-001
CLI-002,2026-06-17 00:00:00,596.11,kWh,MTR-002
CLI-003,2026-06-17 00:00:00,444.32,kWh,MTR-003
CLI-001,2026-06-17 01:00:00,73.4,kWh,MTR-001
CLI-002,2026-06-17 01:00:00,634.53,kWh,MTR-002
CLI-003,2026-06-17 01:00:00,443.36,kWh,MTR-003
CLI-001,2026-06-17 02:00:00,84.54,kWh,MTR-001
CLI-002,2026-06-17 02:00:00,622.45,kWh,MTR-002
CLI-003,2026-06-17 02:00:00,432.75,kWh,MTR-003
CLI-001,2026-06-17 03:00:00,75.88,kWh,MTR-001
CLI-002,2026-06-17 03:00:00,597.26,kWh,MTR-002
CLI-003,2026-06-17 03:00:00,424.29,kWh,MTR-003
CLI-001,2026-06-17 04:00:00,75.21,kWh,MTR-001
CLI-002,2026-06-17 04:00:00,601.77,kWh,MTR-002
CLI-003,2026-06-17 04:00:00,414.3,kWh,MTR-003
CLI-001,2026-06-17 05:00:00,84.71,kWh,MTR-001
CLI-002,2026-06-17 05:00:00,618.14,kWh,MTR-002
CLI-003,2026-06-17 05:00:00,332.35,kWh,MTR-003
CLI-001,2026-06-17 06:00:00,600.58,kWh,MTR-001
CLI-002,2026-06-17 06:00:00,579.19,kWh,MTR-002
CLI-003,2026-06-17 06:00:00,331.86,kWh,MTR-003
CLI-001,2026-06-17 07:00:00,556.35,kWh,MTR-001
CLI-002,2026-06-17 07:00:00,685.95,kWh,MTR-002
CLI-003,2026-06-17 07:00:00,456.49,kWh,MTR-003
CLI-001,2026-06-17 08:00:00,540.84,kWh,MTR-001
CLI-002,2026-06-17 08:00:00,596.38,kWh,MTR-002
CLI-003,2026-06-17 08:00:00,478.82,kWh,MTR-003
CLI-001,2026-06-17 09:00:00,523.14,kWh,MTR-001
CLI-002,2026-06-17 09:00:00,562.49,kWh,MTR-002
CLI-003,2026-06-17 09:00:00,470.77,kWh,MTR-003
CLI-001,2026-06-17 10:00:00,,kWh,MTR-001
CLI-002,2026-06-17 10:00:00,538.91,kWh,MTR-002
CLI-003,2026-06-17 10:00:00,446.79,kWh,MTR-003
CLI-001,2026-06-17 11:00:00,527.41,kWh,MTR-001
CLI-002,2026-06-17 11:00:00,499.14,kWh,MTR-002
CLI-003,2026-06-17 11:00:00,469.11,kWh,MTR-003
CLI-001,2026-06-17 12:00:00,494.11,kWh,MTR-001
CLI-002,2026-06-17 12:00:00,441.75,kWh,MTR-002
CLI-003,2026-06-17 12:00:00,468.65,kWh,MTR-003
CLI-001,2026-06-17 13:00:00,511.86,kWh,MTR-001
CLI-002,2026-06-17 13:00:00,458.83,kWh,MTR-002
CLI-003,2026-06-17 13:00:00,491.59,kWh,MTR-003
CLI-001,2026-06-17 14:00:00,510.51,kWh,MTR-001
CLI-002,2026-06-17 14:00:00,461.57,kWh,MTR-002
CLI-003,2026-06-17 14:00:00,471.78,kWh,MTR-003
CLI-001,2026-06-17 15:00:00,516.29,kWh,MTR-001
CLI-002,2026-06-17 15:00:00,552.76,kWh,MTR-002
CLI-003,2026-06-17 15:00:00,446.88,kWh,MTR-003
CLI-001,2026-06-17 16:00:00,520.06,kWh,MTR-001
CLI-002,2026-06-17 16:00:00,569.99,kWh,MTR-002
CLI-003,2026-06-17 16:00:00,464.61,kWh,MTR-003
CLI-001,2026-06-17 17:00:00,527.06,kWh,MTR-001
CLI-002,2026-06-17 17:00:00,594.29,kWh,MTR-002
CLI-003,2026-06-17 17:00:00,455.86,kWh,MTR-003
CLI-001,2026-06-17 18:00:00,553.05,kWh,MTR-001
CLI-002,2026-06-17 18:00:00,610.67,kWh,MTR-002
CLI-003,2026-06-17 18:00:00,483.43,kWh,MTR-003
CLI-001,2026-06-17 19:00:00,554.12,kWh,MTR-001
CLI-002,2026-06-17 19:00:00,591.96,kWh,MTR-002
CLI-003,2026-06-17 19:00:00,352.53,kWh,MTR-003
CLI-001,2026-06-17 20:00:00,534.11,kWh,MTR-001
CLI-002,2026-06-17 20:00:00,620.17,kWh,MTR-002
CLI-003,2026-06-17 20:00:00,338.22,kWh,MTR-003
CLI-001,2026-06-17 21:00:00,500.34,kWh,MTR-001
CLI-002,2026-06-17 21:00:00,641.62,kWh,MTR-002
CLI-003,2026-06-17 21:00:00,320.49,kWh,MTR-003
CLI-001,2026-06-17 22:00:00,76.11,kWh,MTR-001
CLI-002,2026-06-17 22:00:00,602.84,kWh,MTR-002
CLI-003,2026-06-17 22:00:00,441.04,kWh,MTR-003
CLI-001,2026-06-17 23:00:00,64.72,kWh,MTR-001
CLI-002,2026-06-17 23:00:00,633.08,kWh,MTR-002
CLI-003,2026-06-17 23:00:00,417.09,kWh,MTR-003
CLI-001,2026-06-18 00:00:00,76.46,kWh,MTR-001
CLI-002,2026-06-18 00:00:00,596.56,kWh,MTR-002
CLI-003,2026-06-18 00:00:00,440.06,kWh,MTR-003
CLI-001,2026-06-18 01:00:00,62.22,kWh,MTR-001
CLI-002,2026-06-18 01:00:00,629.37,kWh,MTR-002
CLI-003,2026-06-18 01:00:00,410.71,kWh,MTR-003
CLI-001,2026-06-18 02:00:00,83.25,kWh,MTR-001
CLI-002,2026-06-18 02:00:00,596.57,kWh,MTR-002
CLI-003,2026-06-18 02:00:00,19034.55,kWh,MTR-003
CLI-001,2026-06-18 03:00:00,77.41,kWh,MTR-001
CLI-002,2026-06-18 03:00:00,620.82,kWh,MTR-002
CLI-003,2026-06-18 03:00:00,411.83,kWh,MTR-003
CLI-001,2026-06-18 04:00:00,77.6,kWh,MTR-001
CLI-002,2026-06-18 04:00:00,587.74,kWh,MTR-002
CLI-003,2026-06-18 04:00:00,423.03,kWh,MTR-003
CLI-001,2026-06-18 05:00:00,64.64,kWh,MTR-001
CLI-002,2026-06-18 05:00:00,587.79,kWh,MTR-002
CLI-003,2026-06-18 05:00:00,330.37,kWh,MTR-003
CLI-001,2026-06-18 06:00:00,572.7,kWh,MTR-001
CLI-002,2026-06-18 06:00:00,618.71,kWh,MTR-002
CLI-003,2026-06-18 06:00:00,326.65,kWh,MTR-003
CLI-001,2026-06-18 07:00:00,570.22,kWh,MTR-001
CLI-002,2026-06-18 07:00:00,628.78,kWh,MTR-002
CLI-003,2026-06-18 07:00:00,440.86,kWh,MTR-003
CLI-001,2026-06-18 08:00:00,480.58,kWh,MTR-001
CLI-002,2026-06-18 08:00:00,,kWh,MTR-002
CLI-003,2026-06-18 08:00:00,488.73,kWh,MTR-003
CLI-001,2026-06-18 09:00:00,554.57,kWh,MTR-001
CLI-002,2026-06-18 09:00:00,513.54,kWh,MTR-002
CLI-003,2026-06-18 09:00:00,499.48,kWh,MTR-003
CLI-001,2026-06-18 10:00:00,533.21,kWh,MTR-001
CLI-002,2026-06-18 10:00:00,458.75,kWh,MTR-002
CLI-003,2026-06-18 10:00:00,474.23,kWh,MTR-003
CLI-001,2026-06-18 11:00:00,551.04,kWh,MTR-001
CLI-002,2026-06-18 11:00:00,413.62,kWh,MTR-002
CLI-003,2026-06-18 11:00:00,478.65,kWh,MTR-003
CLI-001,2026-06-18 12:00:00,532.71,kWh,MTR-001
CLI-002,2026-06-18 12:00:00,493.0,kWh,MTR-002
CLI-003,2026-06-18 12:00:00,468.0,kWh,MTR-003
CLI-001,2026-06-18 13:00:00,483.66,kWh,MTR-001
CLI-002,2026-06-18 13:00:00,452.83,kWh,MTR-002
CLI-003,2026-06-18 13:00:00,461.94,kWh,MTR-003
CLI-001,2026-06-18 14:00:00,554.52,kWh,MTR-001
CLI-002,2026-06-18 14:00:00,495.05,kWh,MTR-002
CLI-003,2026-06-18 14:00:00,452.61,kWh,MTR-003
CLI-001,2026-06-18 15:00:00,521.6,kWh,MTR-001
CLI-002,2026-06-18 15:00:00,535.12,kWh,MTR-002
CLI-003,2026-06-18 15:00:00,467.25,kWh,MTR-003
CLI-001,2026-06-18 16:00:00,549.98,kWh,MTR-001
CLI-002,2026-06-18 16:00:00,603.0,kWh,MTR-002
CLI-003,2026-06-18 16:00:00,466.06,kWh,MTR-003
CLI-001,2026-06-18 17:00:00,487.15,kWh,MTR-001
CLI-002,2026-06-18 17:00:00,683.73,kWh,MTR-002
CLI-003,2026-06-18 17:00:00,472.26,kWh,MTR-003
CLI-001,2026-06-18 18:00:00,518.1,kWh,MTR-001
CLI-002,2026-06-18 18:00:00,583.62,kWh,MTR-002
CLI-003,2026-06-18 18:00:00,478.14,kWh,MTR-003
CLI-001,2026-06-18 19:00:00,535.34,kWh,MTR-001
CLI-002,2026-06-18 19:00:00,640.22,kWh,MTR-002
CLI-003,2026-06-18 19:00:00,344.03,kWh,MTR-003
CLI-001,2026-06-18 20:00:00,510.16,kWh,MTR-001
CLI-002,2026-06-18 20:00:00,626.52,kWh,MTR-002
CLI-003,2026-06-18 20:00:00,345.68,kWh,MTR-003
CLI-001,2026-06-18 21:00:00,548.49,kWh,MTR-001
CLI-002,2026-06-18 21:00:00,590.65,kWh,MTR-002
CLI-003,2026-06-18 21:00:00,323.51,kWh,MTR-003
CLI-001,2026-06-18 22:00:00,78.51,kWh,MTR-001
CLI-002,2026-06-18 22:00:00,627.12,kWh,MTR-002
CLI-003,2026-06-18 22:00:00,419.71,kWh,MTR-003
CLI-001,2026-06-18 23:00:00,83.85,kWh,MTR-001
CLI-002,2026-06-18 23:00:00,575.12,kWh,MTR-002
CLI-003,2026-06-18 23:00:00,426.42,kWh,MTR-003
CLI-001,2026-06-19 00:00:00,84.5,kWh,MTR-001
CLI-002,2026-06-19 00:00:00,600.55,kWh,MTR-002
CLI-003,2026-06-19 00:00:00,436.86,kWh,MTR-003
CLI-001,2026-06-19 01:00:00,75.04,kWh,MTR-001
CLI-002,2026-06-19 01:00:00,602.67,kWh,MTR-002
CLI-003,2026-06-19 01:00:00,423.42,kWh,MTR-003
CLI-001,2026-06-19 02:00:00,83.57,kWh,MTR-001
CLI-002,2026-06-19 02:00:00,609.99,kWh,MTR-002
CLI-003,2026-06-19 02:00:00,429.06,kWh,MTR-003
CLI-001,2026-06-19 03:00:00,76.63,kWh,MTR-001
CLI-002,2026-06-19 03:00:00,624.21,kWh,MTR-002
CLI-003,2026-06-19 03:00:00,417.36,kWh,MTR-003
CLI-001,2026-06-19 04:00:00,63.09,kWh,MTR-001
CLI-001,2026-06-19 04:00:00,63.61,kWh,MTR-001
CLI-002,2026-06-19 04:00:00,608.48,kWh,MTR-002
CLI-003,2026-06-19 04:00:00,424.8,kWh,MTR-003
CLI-001,2026-06-19 05:00:00,69.42,kWh,MTR-001
CLI-002,2026-06-19 05:00:00,598.32,kWh,MTR-002
CLI-003,2026-06-19 05:00:00,328.42,kWh,MTR-003
CLI-001,2026-06-19 06:00:00,604.83,kWh,MTR-001
CLI-002,2026-06-19 06:00:00,578.68,kWh,MTR-002
CLI-003,2026-06-19 06:00:00,327.16,kWh,MTR-003
CLI-001,2026-06-19 07:00:00,571.34,kWh,MTR-001
CLI-002,2026-06-19 07:00:00,661.7,kWh,MTR-002
CLI-003,2026-06-19 07:00:00,468.83,kWh,MTR-003
CLI-001,2026-06-19 08:00:00,540.62,kWh,MTR-001
CLI-002,2026-06-19 08:00:00,600.39,kWh,MTR-002
CLI-003,2026-06-19 08:00:00,481.06,kWh,MTR-003
CLI-001,2026-06-19 09:00:00,540.18,kWh,MTR-001
CLI-002,2026-06-19 09:00:00,524.61,kWh,MTR-002
CLI-003,2026-06-19 09:00:00,445.67,kWh,MTR-003
CLI-001,2026-06-19 10:00:00,503.29,kWh,MTR-001
CLI-002,2026-06-19 10:00:00,,kWh,MTR-002
CLI-003,2026-06-19 10:00:00,481.31,kWh,MTR-003
CLI-001,2026-06-19 11:00:00,559.08,kWh,MTR-001
CLI-002,2026-06-19 11:00:00,506.92,kWh,MTR-002
CLI-003,2026-06-19 11:00:00,468.07,kWh,MTR-003
CLI-001,2026-06-19 12:00:00,484.2,kWh,MTR-001
CLI-002,2026-06-19 12:00:00,462.77,kWh,MTR-002
CLI-003,2026-06-19 12:00:00,452.18,kWh,MTR-003
CLI-001,2026-06-19 13:00:00,519.09,kWh,MTR-001
CLI-002,2026-06-19 13:00:00,465.57,kWh,MTR-002
CLI-003,2026-06-19 13:00:00,486.57,kWh,MTR-003
CLI-001,2026-06-19 14:00:00,549.19,kWh,MTR-001
CLI-002,2026-06-19 14:00:00,446.0,kWh,MTR-002
CLI-003,2026-06-19 14:00:00,452.98,kWh,MTR-003
CLI-001,2026-06-19 15:00:00,520.78,kWh,MTR-001
CLI-002,2026-06-19 15:00:00,515.02,kWh,MTR-002
CLI-003,2026-06-19 15:00:00,472.21,kWh,MTR-003
CLI-001,2026-06-19 16:00:00,531.57,kWh,MTR-001
CLI-002,2026-06-19 16:00:00,591.12,kWh,MTR-002
CLI-003,2026-06-19 16:00:00,472.36,kWh,MTR-003
CLI-001,2026-06-19 17:00:00,481.58,kWh,MTR-001
CLI-002,2026-06-19 17:00:00,636.08,kWh,MTR-002
CLI-003,2026-06-19 17:00:00,479.8,kWh,MTR-003
CLI-001,2026-06-19 18:00:00,489.93,kWh,MTR-001
CLI-002,2026-06-19 18:00:00,642.6,kWh,MTR-002
CLI-003,2026-06-19 18:00:00,460.2,kWh,MTR-003
CLI-001,2026-06-19 19:00:00,524.38,kWh,MTR-001
CLI-002,2026-06-19 19:00:00,583.61,kWh,MTR-002
CLI-003,2026-06-19 19:00:00,328.25,kWh,MTR-003
CLI-001,2026-06-19 20:00:00,525.0,kWh,MTR-001
CLI-002,2026-06-19 20:00:00,577.45,kWh,MTR-002
CLI-003,2026-06-19 20:00:00,340.25,kWh,MTR-003
CLI-001,2026-06-19 21:00:00,523.55,kWh,MTR-001
CLI-002,2026-06-19 21:00:00,35283.36,kWh,MTR-002
CLI-003,2026-06-19 21:00:00,357.85,kWh,MTR-003
CLI-001,2026-06-19 22:00:00,79.57,kWh,MTR-001
CLI-002,2026-06-19 22:00:00,606.14,kWh,MTR-002
CLI-003,2026-06-19 22:00:00,432.8,kWh,MTR-003
CLI-001,2026-06-19 23:00:00,84.65,kWh,MTR-001
CLI-002,2026-06-19 23:00:00,612.67,kWh,MTR-002
CLI-003,2026-06-19 23:00:00,408.96,kWh,MTR-003
CLI-001,2026-06-20 00:00:00,65.93,kWh,MTR-001
CLI-002,2026-06-20 00:00:00,595.98,kWh,MTR-002
CLI-003,2026-06-20 00:00:00,443.3,kWh,MTR-003
CLI-001,2026-06-20 01:00:00,65.4,kWh,MTR-001
CLI-002,2026-06-20 01:00:00,583.99,kWh,MTR-002
CLI-003,2026-06-20 01:00:00,407.97,kWh,MTR-003
CLI-001,2026-06-20 02:00:00,69.54,kWh,MTR-001
CLI-002,2026-06-20 02:00:00,603.0,kWh,MTR-002
CLI-003,2026-06-20 02:00:00,415.17,kWh,MTR-003
CLI-001,2026-06-20 03:00:00,77.36,kWh,MTR-001
CLI-002,2026-06-20 03:00:00,579.94,kWh,MTR-002
CLI-003,2026-06-20 03:00:00,444.81,kWh,MTR-003
CLI-001,2026-06-20 04:00:00,64.82,kWh,MTR-001
CLI-002,2026-06-20 04:00:00,621.01,kWh,MTR-002
CLI-003,2026-06-20 04:00:00,429.2,kWh,MTR-003
CLI-001,2026-06-20 05:00:00,63.84,kWh,MTR-001
CLI-002,2026-06-20 05:00:00,605.35,kWh,MTR-002
CLI-003,2026-06-20 05:00:00,344.14,kWh,MTR-003
CLI-001,2026-06-20 06:00:00,549.97,kWh,MTR-001
CLI-002,2026-06-20 06:00:00,613.39,kWh,MTR-002
CLI-003,2026-06-20 06:00:00,345.61,kWh,MTR-003
CLI-001,2026-06-20 07:00:00,566.68,kWh,MTR-001
CLI-002,2026-06-20 07:00:00,659.42,kWh,MTR-002
CLI-003,2026-06-20 07:00:00,358.75,kWh,MTR-003
CLI-001,2026-06-20 08:00:00,488.4,kWh,MTR-001
CLI-002,2026-06-20 08:00:00,536.32,kWh,MTR-002
CLI-003,2026-06-20 08:00:00,339.58,kWh,MTR-003
CLI-001,2026-06-20 09:00:00,536.04,kWh,MTR-001
CLI-002,2026-06-20 09:00:00,533.13,kWh,MTR-002
CLI-003,2026-06-20 09:00:00,357.86,kWh,MTR-003
CLI-001,2026-06-20 10:00:00,507.61,kWh,MTR-001
CLI-002,2026-06-20 10:00:00,514.68,kWh,MTR-002
CLI-003,2026-06-20 10:00:00,339.07,kWh,MTR-003
CLI-001,2026-06-20 11:00:00,480.76,kWh,MTR-001
CLI-002,2026-06-20 11:00:00,467.73,kWh,MTR-002
CLI-003,2026-06-20 11:00:00,322.11,kWh,MTR-003
CLI-001,2026-06-20 12:00:00,557.96,kWh,MTR-001
CLI-002,2026-06-20 12:00:00,423.49,kWh,MTR-002
CLI-003,2026-06-20 12:00:00,359.45,kWh,MTR-003
CLI-001,2026-06-20 13:00:00,520.18,kWh,MTR-001
CLI-002,2026-06-20 13:00:00,415.1,kWh,MTR-002
CLI-003,2026-06-20 13:00:00,332.21,kWh,MTR-003
CLI-001,2026-06-20 14:00:00,555.8,kWh,MTR-001
CLI-002,2026-06-20 14:00:00,493.85,kWh,MTR-002
CLI-003,2026-06-20 14:00:00,357.79,kWh,MTR-003
CLI-001,2026-06-20 15:00:00,484.59,kWh,MTR-001
CLI-002,2026-06-20 15:00:00,541.75,kWh,MTR-002
CLI-003,2026-06-20 15:00:00,336.96,kWh,MTR-003
CLI-001,2026-06-20 16:00:00,538.46,kWh,MTR-001
CLI-002,2026-06-20 16:00:00,565.64,kWh,MTR-002
CLI-003,2026-06-20 16:00:00,336.22,kWh,MTR-003
CLI-001,2026-06-20 17:00:00,552.87,kWh,MTR-001
CLI-002,2026-06-20 17:00:00,661.16,kWh,MTR-002
CLI-003,2026-06-20 17:00:00,349.56,kWh,MTR-003
CLI-001,2026-06-20 18:00:00,545.87,kWh,MTR-001
CLI-002,2026-06-20 18:00:00,611.97,kWh,MTR-002
CLI-003,2026-06-20 18:00:00,344.29,kWh,MTR-003
CLI-001,2026-06-20 19:00:00,533.96,kWh,MTR-001
CLI-002,2026-06-20 19:00:00,611.65,kWh,MTR-002
CLI-003,2026-06-20 19:00:00,323.0,kWh,MTR-003
CLI-001,2026-06-20 20:00:00,521.09,kWh,MTR-001
CLI-002,2026-06-20 20:00:00,604.59,kWh,MTR-002
CLI-003,2026-06-20 20:00:00,334.93,kWh,MTR-003
CLI-001,2026-06-20 21:00:00,553.12,kWh,MTR-001
CLI-002,2026-06-20 21:00:00,612.74,kWh,MTR-002
CLI-003,2026-06-20 21:00:00,324.71,kWh,MTR-003
CLI-001,2026-06-20 22:00:00,67.34,kWh,MTR-001
CLI-002,2026-06-20 22:00:00,626.66,kWh,MTR-002
CLI-003,2026-06-20 22:00:00,413.7,kWh,MTR-003
CLI-001,2026-06-20 23:00:00,83.33,kWh,MTR-001
CLI-002,2026-06-20 23:00:00,632.8,kWh,MTR-002
CLI-003,2026-06-20 23:00:00,423.52,kWh,MTR-003
CLI-001,2026-06-21 00:00:00,39.77,kWh,MTR-001
CLI-002,2026-06-21 00:00:00,618.09,kWh,MTR-002
CLI-003,2026-06-21 00:00:00,419.16,kWh,MTR-003
CLI-001,2026-06-21 01:00:00,47.8,kWh,MTR-001
CLI-002,2026-06-21 01:00:00,599.82,kWh,MTR-002
CLI-003,2026-06-21 01:00:00,424.68,kWh,MTR-003
CLI-001,2026-06-21 02:00:00,40.29,kWh,MTR-001
CLI-002,2026-06-21 02:00:00,583.67,kWh,MTR-002
CLI-003,2026-06-21 02:00:00,411.23,kWh,MTR-003
CLI-001,2026-06-21 03:00:00,34.52,kWh,MTR-001
CLI-002,2026-06-21 03:00:00,595.95,kWh,MTR-002
CLI-003,2026-06-21 03:00:00,412.29,kWh,MTR-003
CLI-001,2026-06-21 04:00:00,32.17,kWh,MTR-001
CLI-002,2026-06-21 04:00:00,633.76,kWh,MTR-002
CLI-003,2026-06-21 04:00:00,419.15,kWh,MTR-003
CLI-001,2026-06-21 05:00:00,37.18,kWh,MTR-001
CLI-002,2026-06-21 05:00:00,588.89,kWh,MTR-002
CLI-003,2026-06-21 05:00:00,321.61,kWh,MTR-003
CLI-001,2026-06-21 06:00:00,44.88,kWh,MTR-001
CLI-002,2026-06-21 06:00:00,586.22,kWh,MTR-002
CLI-003,2026-06-21 06:00:00,339.17,kWh,MTR-003
CLI-001,2026-06-21 07:00:00,35.32,kWh,MTR-001
CLI-002,2026-06-21 07:00:00,645.53,kWh,MTR-002
CLI-003,2026-06-21 07:00:00,350.58,kWh,MTR-003
CLI-001,2026-06-21 08:00:00,40.04,kWh,MTR-001
CLI-002,2026-06-21 08:00:00,595.3,kWh,MTR-002
CLI-003,2026-06-21 08:00:00,320.85,kWh,MTR-003
CLI-001,2026-06-21 09:00:00,40.0,kWh,MTR-001
CLI-002,2026-06-21 09:00:00,485.41,kWh,MTR-002
CLI-003,2026-06-21 09:00:00,349.5,kWh,MTR-003
CLI-001,2026-06-21 10:00:00,35.79,kWh,MTR-001
CLI-002,2026-06-21 10:00:00,512.29,kWh,MTR-002
CLI-003,2026-06-21 10:00:00,329.98,kWh,MTR-003
CLI-001,2026-06-21 11:00:00,47.28,kWh,MTR-001
CLI-002,2026-06-21 11:00:00,391.22,kWh,MTR-002
CLI-003,2026-06-21 11:00:00,352.4,kWh,MTR-003
CLI-001,2026-06-21 12:00:00,40.05,kWh,MTR-001
CLI-002,2026-06-21 12:00:00,474.92,kWh,MTR-002
CLI-003,2026-06-21 12:00:00,325.29,kWh,MTR-003
CLI-001,2026-06-21 13:00:00,49.81,kWh,MTR-001
CLI-002,2026-06-21 13:00:00,422.35,kWh,MTR-002
CLI-003,2026-06-21 13:00:00,336.29,kWh,MTR-003
CLI-001,2026-06-21 14:00:00,42.67,kWh,MTR-001
CLI-002,2026-06-21 14:00:00,472.58,kWh,MTR-002
CLI-003,2026-06-21 14:00:00,332.17,kWh,MTR-003
CLI-001,2026-06-21 15:00:00,35.61,kWh,MTR-001
CLI-002,2026-06-21 15:00:00,516.41,kWh,MTR-002
CLI-003,2026-06-21 15:00:00,322.09,kWh,MTR-003
CLI-001,2026-06-21 16:00:00,34.24,kWh,MTR-001
CLI-002,2026-06-21 16:00:00,619.0,kWh,MTR-002
CLI-003,2026-06-21 16:00:00,334.54,kWh,MTR-003
CLI-001,2026-06-21 17:00:00,31.94,kWh,MTR-001
CLI-002,2026-06-21 17:00:00,630.02,kWh,MTR-002
CLI-003,2026-06-21 17:00:00,334.46,kWh,MTR-003
CLI-001,2026-06-21 18:00:00,40.58,kWh,MTR-001
CLI-002,2026-06-21 18:00:00,620.52,kWh,MTR-002
CLI-003,2026-06-21 18:00:00,335.36,kWh,MTR-003
CLI-001,2026-06-21 19:00:00,32.61,kWh,MTR-001
CLI-002,2026-06-21 19:00:00,583.42,kWh,MTR-002
CLI-003,2026-06-21 19:00:00,356.49,kWh,MTR-003
CLI-001,2026-06-21 20:00:00,33.81,kWh,MTR-001
CLI-002,2026-06-21 20:00:00,639.79,kWh,MTR-002
CLI-003,2026-06-21 20:00:00,341.86,kWh,MTR-003
CLI-001,2026-06-21 21:00:00,44.51,kWh,MTR-001
CLI-002,2026-06-21 21:00:00,589.14,kWh,MTR-002
CLI-003,2026-06-21 21:00:00,321.75,kWh,MTR-003
CLI-001,2026-06-21 22:00:00,41.01,kWh,MTR-001
CLI-002,2026-06-21 22:00:00,636.4,kWh,MTR-002
CLI-003,2026-06-21 22:00:00,441.27,kWh,MTR-003
CLI-001,2026-06-21 23:00:00,47.9,kWh,MTR-001
CLI-002,2026-06-21 23:00:00,625.21,kWh,MTR-002
CLI-003,2026-06-21 23:00:00,407.71,kWh,MTR-003
CLI-001,2026-06-22 00:00:00,83.28,kWh,MTR-001
CLI-002,2026-06-22 00:00:00,576.53,kWh,MTR-002
CLI-003,2026-06-22 00:00:00,432.87,kWh,MTR-003
CLI-001,2026-06-22 01:00:00,61.14,kWh,MTR-001
CLI-002,2026-06-22 01:00:00,630.61,kWh,MTR-002
CLI-003,2026-06-22 01:00:00,434.63,kWh,MTR-003
CLI-001,2026-06-22 02:00:00,77.12,kWh,MTR-001
CLI-002,2026-06-22 02:00:00,643.01,kWh,MTR-002
CLI-003,2026-06-22 02:00:00,435.03,kWh,MTR-003
CLI-001,2026-06-22 03:00:00,79.48,kWh,MTR-001
CLI-002,2026-06-22 03:00:00,594.0,kWh,MTR-002
CLI-003,2026-06-22 03:00:00,411.4,kWh,MTR-003
CLI-001,2026-06-22 04:00:00,77.42,kWh,MTR-001
CLI-002,2026-06-22 04:00:00,630.35,kWh,MTR-002
CLI-003,2026-06-22 04:00:00,433.31,kWh,MTR-003
CLI-001,2026-06-22 05:00:00,67.59,kWh,MTR-001
CLI-002,2026-06-22 05:00:00,624.58,kWh,MTR-002
CLI-003,2026-06-22 05:00:00,326.84,kWh,MTR-003
CLI-001,2026-06-22 06:00:00,559.06,kWh,MTR-001
CLI-002,2026-06-22 06:00:00,585.37,kWh,MTR-002
CLI-003,2026-06-22 06:00:00,357.09,kWh,MTR-003
CLI-001,2026-06-22 07:00:00,603.25,kWh,MTR-001
CLI-002,2026-06-22 07:00:00,35415.71,kWh,MTR-002
CLI-003,2026-06-22 07:00:00,470.28,kWh,MTR-003
CLI-001,2026-06-22 08:00:00,536.44,kWh,MTR-001
CLI-002,2026-06-22 08:00:00,603.78,kWh,MTR-002
CLI-003,2026-06-22 08:00:00,461.77,kWh,MTR-003
CLI-001,2026-06-22 09:00:00,497.54,kWh,MTR-001
CLI-002,2026-06-22 09:00:00,464.61,kWh,MTR-002
CLI-003,2026-06-22 09:00:00,489.54,kWh,MTR-003
CLI-001,2026-06-22 10:00:00,539.66,kWh,MTR-001
CLI-002,2026-06-22 10:00:00,460.71,kWh,MTR-002
CLI-003,2026-06-22 10:00:00,474.29,kWh,MTR-003
CLI-001,2026-06-22 11:00:00,526.53,kWh,MTR-001
CLI-002,2026-06-22 11:00:00,501.03,kWh,MTR-002
CLI-003,2026-06-22 11:00:00,476.81,kWh,MTR-003
CLI-001,2026-06-22 12:00:00,494.52,kWh,MTR-001
CLI-002,2026-06-22 12:00:00,506.49,kWh,MTR-002
CLI-003,2026-06-22 12:00:00,461.53,kWh,MTR-003
CLI-001,2026-06-22 13:00:00,494.22,kWh,MTR-001
CLI-002,2026-06-22 13:00:00,494.61,kWh,MTR-002
CLI-003,2026-06-22 13:00:00,500.48,kWh,MTR-003
CLI-001,2026-06-22 14:00:00,522.14,kWh,MTR-001
CLI-002,2026-06-22 14:00:00,488.6,kWh,MTR-002
CLI-003,2026-06-22 14:00:00,490.97,kWh,MTR-003
CLI-001,2026-06-22 15:00:00,483.5,kWh,MTR-001
CLI-002,2026-06-22 15:00:00,528.15,kWh,MTR-002
CLI-003,2026-06-22 15:00:00,502.38,kWh,MTR-003
CLI-001,2026-06-22 16:00:00,538.89,kWh,MTR-001
CLI-002,2026-06-22 16:00:00,609.78,kWh,MTR-002
CLI-003,2026-06-22 16:00:00,457.67,kWh,MTR-003
CLI-001,2026-06-22 17:00:00,492.36,kWh,MTR-001
CLI-002,2026-06-22 17:00:00,639.27,kWh,MTR-002
CLI-003,2026-06-22 17:00:00,448.01,kWh,MTR-003
CLI-001,2026-06-22 18:00:00,546.92,kWh,MTR-001
CLI-002,2026-06-22 18:00:00,638.85,kWh,MTR-002
CLI-003,2026-06-22 18:00:00,456.51,kWh,MTR-003
CLI-001,2026-06-22 19:00:00,498.07,kWh,MTR-001
CLI-002,2026-06-22 19:00:00,601.93,kWh,MTR-002
CLI-003,2026-06-22 19:00:00,352.91,kWh,MTR-003
CLI-001,2026-06-22 20:00:00,493.56,kWh,MTR-001
CLI-002,2026-06-22 20:00:00,582.12,kWh,MTR-002
CLI-003,2026-06-22 20:00:00,334.29,kWh,MTR-003
CLI-001,2026-06-22 21:00:00,489.47,kWh,MTR-001
CLI-002,2026-06-22 21:00:00,639.39,kWh,MTR-002
CLI-003,2026-06-22 21:00:00,344.18,kWh,MTR-003
CLI-001,2026-06-22 22:00:00,73.26,kWh,MTR-001
CLI-002,2026-06-22 22:00:00,622.56,kWh,MTR-002
CLI-003,2026-06-22 22:00:00,431.69,kWh,MTR-003
CLI-001,2026-06-22 23:00:00,80.44,kWh,MTR-001
CLI-002,2026-06-22 23:00:00,582.27,kWh,MTR-002
CLI-003,2026-06-22 23:00:00,431.47,kWh,MTR-003
CLI-001,2026-06-23 00:00:00,80.27,kWh,MTR-001
CLI-002,2026-06-23 00:00:00,50289.72,kWh,MTR-002
CLI-002,2026-06-23 00:00:00,50289.72,kWh,MTR-002
CLI-003,2026-06-23 00:00:00,410.95,kWh,MTR-003
CLI-001,2026-06-23 01:00:00,68.01,kWh,MTR-001
CLI-002,2026-06-23 01:00:00,625.49,kWh,MTR-002
CLI-003,2026-06-23 01:00:00,424.14,kWh,MTR-003
CLI-001,2026-06-23 02:00:00,74.45,kWh,MTR-001
CLI-002,2026-06-23 02:00:00,594.49,kWh,MTR-002
CLI-003,2026-06-23 02:00:00,444.79,kWh,MTR-003
CLI-001,2026-06-23 03:00:00,69.63,kWh,MTR-001
CLI-002,2026-06-23 03:00:00,604.67,kWh,MTR-002
CLI-003,2026-06-23 03:00:00,421.56,kWh,MTR-003
CLI-001,2026-06-23 04:00:00,68.34,kWh,MTR-001
CLI-002,2026-06-23 04:00:00,620.78,kWh,MTR-002
CLI-003,2026-06-23 04:00:00,421.75,kWh,MTR-003
CLI-001,2026-06-23 05:00:00,73.34,kWh,MTR-001
CLI-002,2026-06-23 05:00:00,632.5,kWh,MTR-002
CLI-003,2026-06-23 05:00:00,343.24,kWh,MTR-003
CLI-001,2026-06-23 06:00:00,586.23,kWh,MTR-001
CLI-002,2026-06-23 06:00:00,627.38,kWh,MTR-002
CLI-003,2026-06-23 06:00:00,29546.31,kWh,MTR-003
CLI-003,2026-06-23 06:00:00,29546.31,kWh,MTR-003
CLI-001,2026-06-23 07:00:00,541.37,kWh,MTR-001
CLI-002,2026-06-23 07:00:00,646.91,kWh,MTR-002
CLI-003,2026-06-23 07:00:00,494.95,kWh,MTR-003
CLI-001,2026-06-23 08:00:00,503.58,kWh,MTR-001
CLI-002,2026-06-23 08:00:00,591.7,kWh,MTR-002
CLI-003,2026-06-23 08:00:00,469.79,kWh,MTR-003
CLI-001,2026-06-23 09:00:00,556.96,kWh,MTR-001
CLI-002,2026-06-23 09:00:00,570.25,kWh,MTR-002
CLI-003,2026-06-23 09:00:00,482.94,kWh,MTR-003
CLI-001,2026-06-23 10:00:00,546.99,kWh,MTR-001
CLI-002,2026-06-23 10:00:00,446.9,kWh,MTR-002
CLI-003,2026-06-23 10:00:00,482.18,kWh,MTR-003
CLI-001,2026-06-23 11:00:00,494.59,kWh,MTR-001
CLI-002,2026-06-23 11:00:00,443.35,kWh,MTR-002
CLI-003,2026-06-23 11:00:00,471.94,kWh,MTR-003
CLI-001,2026-06-23 12:00:00,502.94,kWh,MTR-001
CLI-002,2026-06-23 12:00:00,535.06,kWh,MTR-002
CLI-003,2026-06-23 12:00:00,460.42,kWh,MTR-003
CLI-001,2026-06-23 13:00:00,550.08,kWh,MTR-001
CLI-002,2026-06-23 13:00:00,432.04,kWh,MTR-002
CLI-003,2026-06-23 13:00:00,456.65,kWh,MTR-003
CLI-001,2026-06-23 14:00:00,521.72,kWh,MTR-001
CLI-002,2026-06-23 14:00:00,488.13,kWh,MTR-002
CLI-003,2026-06-23 14:00:00,464.73,kWh,MTR-003
CLI-001,2026-06-23 15:00:00,547.34,kWh,MTR-001
CLI-002,2026-06-23 15:00:00,541.87,kWh,MTR-002
CLI-003,2026-06-23 15:00:00,465.69,kWh,MTR-003
CLI-001,2026-06-23 16:00:00,495.58,kWh,MTR-001
CLI-002,2026-06-23 16:00:00,556.04,kWh,MTR-002
CLI-003,2026-06-23 16:00:00,462.54,kWh,MTR-003
CLI-001,2026-06-23 17:00:00,527.77,kWh,MTR-001
CLI-002,2026-06-23 17:00:00,633.25,kWh,MTR-002
CLI-003,2026-06-23 17:00:00,475.07,kWh,MTR-003
CLI-001,2026-06-23 18:00:00,525.1,kWh,MTR-001
CLI-002,2026-06-23 18:00:00,578.2,kWh,MTR-002
CLI-003,2026-06-23 18:00:00,472.99,kWh,MTR-003
CLI-001,2026-06-23 19:00:00,502.59,kWh,MTR-001
CLI-002,2026-06-23 19:00:00,588.64,kWh,MTR-002
CLI-003,2026-06-23 19:00:00,349.03,kWh,MTR-003
CLI-001,2026-06-23 20:00:00,536.21,kWh,MTR-001
CLI-002,2026-06-23 20:00:00,603.51,kWh,MTR-002
CLI-003,2026-06-23 20:00:00,324.04,kWh,MTR-003
CLI-001,2026-06-23 21:00:00,492.01,kWh,MTR-001
CLI-002,2026-06-23 21:00:00,601.75,kWh,MTR-002
CLI-003,2026-06-23 21:00:00,354.08,kWh,MTR-003
CLI-001,2026-06-23 22:00:00,63.79,kWh,MTR-001
CLI-002,2026-06-23 22:00:00,636.96,kWh,MTR-002
CLI-003,2026-06-23 22:00:00,433.74,kWh,MTR-003
CLI-001,2026-06-23 23:00:00,80.19,kWh,MTR-001
CLI-002,2026-06-23 23:00:00,628.82,kWh,MTR-002
CLI-003,2026-06-23 23:00:00,443.55,kWh,MTR-003
CLI-001,2026-06-24 00:00:00,78.22,kWh,MTR-001
CLI-002,2026-06-24 00:00:00,640.12,kWh,MTR-002
CLI-003,2026-06-24 00:00:00,436.41,kWh,MTR-003
CLI-001,2026-06-24 01:00:00,69.01,kWh,MTR-001
CLI-002,2026-06-24 01:00:00,605.16,kWh,MTR-002
CLI-003,2026-06-24 01:00:00,435.97,kWh,MTR-003
CLI-001,2026-06-24 02:00:00,65.22,kWh,MTR-001
CLI-002,2026-06-24 02:00:00,580.25,kWh,MTR-002
CLI-003,2026-06-24 02:00:00,430.11,kWh,MTR-003
CLI-001,2026-06-24 03:00:00,80.12,kWh,MTR-001
CLI-002,2026-06-24 03:00:00,635.93,kWh,MTR-002
CLI-003,2026-06-24 03:00:00,443.76,kWh,MTR-003
CLI-001,2026-06-24 04:00:00,62.18,kWh,MTR-001
CLI-002,2026-06-24 04:00:00,596.96,kWh,MTR-002
CLI-003,2026-06-24 04:00:00,411.46,kWh,MTR-003
CLI-001,2026-06-24 05:00:00,69.08,kWh,MTR-001
CLI-002,2026-06-24 05:00:00,587.54,kWh,MTR-002
CLI-003,2026-06-24 05:00:00,330.32,kWh,MTR-003
CLI-001,2026-06-24 06:00:00,560.48,kWh,MTR-001
CLI-002,2026-06-24 06:00:00,620.52,kWh,MTR-002
CLI-003,2026-06-24 06:00:00,324.96,kWh,MTR-003
CLI-001,2026-06-24 07:00:00,543.17,kWh,MTR-001
CLI-002,2026-06-24 07:00:00,640.7,kWh,MTR-002
CLI-003,2026-06-24 07:00:00,475.01,kWh,MTR-003
CLI-001,2026-06-24 08:00:00,509.89,kWh,MTR-001
CLI-002,2026-06-24 08:00:00,606.45,kWh,MTR-002
CLI-003,2026-06-24 08:00:00,479.14,kWh,MTR-003
CLI-001,2026-06-24 09:00:00,499.59,kWh,MTR-001
CLI-002,2026-06-24 09:00:00,453.47,kWh,MTR-002
CLI-003,2026-06-24 09:00:00,453.16,kWh,MTR-003
CLI-001,2026-06-24 10:00:00,516.98,kWh,MTR-001
CLI-002,2026-06-24 10:00:00,479.59,kWh,MTR-002
CLI-003,2026-06-24 10:00:00,460.39,kWh,MTR-003
CLI-001,2026-06-24 11:00:00,553.8,kWh,MTR-001
CLI-002,2026-06-24 11:00:00,446.31,kWh,MTR-002
CLI-002,2026-06-24 11:00:00,446.06,kWh,MTR-002
CLI-003,2026-06-24 11:00:00,477.38,kWh,MTR-003
CLI-001,2026-06-24 12:00:00,483.06,kWh,MTR-001
CLI-002,2026-06-24 12:00:00,421.44,kWh,MTR-002
CLI-003,2026-06-24 12:00:00,470.45,kWh,MTR-003
CLI-001,2026-06-24 13:00:00,508.92,kWh,MTR-001
CLI-002,2026-06-24 13:00:00,515.55,kWh,MTR-002
CLI-003,2026-06-24 13:00:00,470.44,kWh,MTR-003
CLI-001,2026-06-24 14:00:00,486.69,kWh,MTR-001
CLI-002,2026-06-24 14:00:00,502.54,kWh,MTR-002
CLI-003,2026-06-24 14:00:00,476.08,kWh,MTR-003
CLI-001,2026-06-24 15:00:00,546.44,kWh,MTR-001
CLI-002,2026-06-24 15:00:00,573.87,kWh,MTR-002
CLI-003,2026-06-24 15:00:00,461.54,kWh,MTR-003
CLI-001,2026-06-24 16:00:00,535.11,kWh,MTR-001
CLI-002,2026-06-24 16:00:00,608.0,kWh,MTR-002
CLI-003,2026-06-24 16:00:00,458.89,kWh,MTR-003
CLI-001,2026-06-24 17:00:00,486.22,kWh,MTR-001
CLI-002,2026-06-24 17:00:00,674.02,kWh,MTR-002
CLI-003,2026-06-24 17:00:00,486.82,kWh,MTR-003
CLI-001,2026-06-24 18:00:00,492.04,kWh,MTR-001
CLI-002,2026-06-24 18:00:00,585.32,kWh,MTR-002
CLI-003,2026-06-24 18:00:00,468.64,kWh,MTR-003
CLI-001,2026-06-24 19:00:00,32618.04,kWh,MTR-001
CLI-001,2026-06-24 19:00:00,32618.04,kWh,MTR-001
CLI-002,2026-06-24 19:00:00,633.28,kWh,MTR-002
CLI-003,2026-06-24 19:00:00,337.97,kWh,MTR-003
CLI-001,2026-06-24 20:00:00,487.8,kWh,MTR-001
CLI-002,2026-06-24 20:00:00,643.53,kWh,MTR-002
CLI-003,2026-06-24 20:00:00,341.84,kWh,MTR-003
CLI-001,2026-06-24 21:00:00,510.2,kWh,MTR-001
CLI-002,2026-06-24 21:00:00,641.67,kWh,MTR-002
CLI-003,2026-06-24 21:00:00,343.07,kWh,MTR-003
CLI-001,2026-06-24 22:00:00,80.34,kWh,MTR-001
CLI-002,2026-06-24 22:00:00,637.77,kWh,MTR-002
CLI-003,2026-06-24 22:00:00,439.71,kWh,MTR-003
CLI-001,2026-06-24 23:00:00,76.22,kWh,MTR-001
CLI-002,2026-06-24 23:00:00,603.73,kWh,MTR-002
CLI-003,2026-06-24 23:00:00,426.7,kWh,MTR-003
CLI-001,2026-06-25 00:00:00,79.13,kWh,MTR-001
CLI-002,2026-06-25 00:00:00,587.31,kWh,MTR-002
CLI-003,2026-06-25 00:00:00,412.08,kWh,MTR-003
CLI-001,2026-06-25 01:00:00,73.57,kWh,MTR-001
CLI-002,2026-06-25 01:00:00,634.16,kWh,MTR-002
CLI-003,2026-06-25 01:00:00,422.5,kWh,MTR-003
CLI-001,2026-06-25 02:00:00,75.51,kWh,MTR-001
CLI-002,2026-06-25 02:00:00,634.99,kWh,MTR-002
CLI-003,2026-06-25 02:00:00,437.24,kWh,MTR-003
CLI-001,2026-06-25 03:00:00,76.24,kWh,MTR-001
CLI-002,2026-06-25 03:00:00,603.79,kWh,MTR-002
CLI-003,2026-06-25 03:00:00,435.07,kWh,MTR-003
CLI-001,2026-06-25 04:00:00,62.49,kWh,MTR-001
CLI-002,2026-06-25 04:00:00,615.69,kWh,MTR-002
CLI-003,2026-06-25 04:00:00,416.6,kWh,MTR-003
CLI-001,2026-06-25 05:00:00,65.57,kWh,MTR-001
CLI-002,2026-06-25 05:00:00,601.68,kWh,MTR-002
CLI-003,2026-06-25 05:00:00,338.78,kWh,MTR-003
CLI-001,2026-06-25 06:00:00,617.41,kWh,MTR-001
CLI-002,2026-06-25 06:00:00,603.91,kWh,MTR-002
CLI-003,2026-06-25 06:00:00,348.15,kWh,MTR-003
CLI-001,2026-06-25 07:00:00,540.61,kWh,MTR-001
CLI-002,2026-06-25 07:00:00,643.88,kWh,MTR-002
CLI-003,2026-06-25 07:00:00,492.39,kWh,MTR-003
CLI-001,2026-06-25 08:00:00,499.32,kWh,MTR-001
CLI-002,2026-06-25 08:00:00,588.16,kWh,MTR-002
CLI-003,2026-06-25 08:00:00,492.27,kWh,MTR-003
CLI-001,2026-06-25 09:00:00,506.81,kWh,MTR-001
CLI-002,2026-06-25 09:00:00,596.26,kWh,MTR-002
CLI-003,2026-06-25 09:00:00,485.63,kWh,MTR-003
CLI-001,2026-06-25 10:00:00,526.23,kWh,MTR-001
CLI-002,2026-06-25 10:00:00,432.3,kWh,MTR-002
CLI-003,2026-06-25 10:00:00,468.81,kWh,MTR-003
CLI-001,2026-06-25 11:00:00,544.09,kWh,MTR-001
CLI-002,2026-06-25 11:00:00,445.31,kWh,MTR-002
CLI-003,2026-06-25 11:00:00,462.0,kWh,MTR-003
CLI-001,2026-06-25 12:00:00,496.3,kWh,MTR-001
CLI-002,2026-06-25 12:00:00,430.28,kWh,MTR-002
CLI-003,2026-06-25 12:00:00,490.92,kWh,MTR-003
CLI-001,2026-06-25 13:00:00,510.59,kWh,MTR-001
CLI-002,2026-06-25 13:00:00,439.03,kWh,MTR-002
CLI-003,2026-06-25 13:00:00,471.53,kWh,MTR-003
CLI-001,2026-06-25 14:00:00,522.83,kWh,MTR-001
CLI-002,2026-06-25 14:00:00,482.73,kWh,MTR-002
CLI-003,2026-06-25 14:00:00,474.05,kWh,MTR-003
CLI-001,2026-06-25 15:00:00,531.07,kWh,MTR-001
CLI-002,2026-06-25 15:00:00,502.9,kWh,MTR-002
CLI-003,2026-06-25 15:00:00,473.14,kWh,MTR-003
CLI-001,2026-06-25 16:00:00,519.54,kWh,MTR-001
CLI-002,2026-06-25 16:00:00,608.58,kWh,MTR-002
CLI-003,2026-06-25 16:00:00,466.72,kWh,MTR-003
CLI-001,2026-06-25 17:00:00,534.99,kWh,MTR-001
CLI-002,2026-06-25 17:00:00,629.17,kWh,MTR-002
CLI-003,2026-06-25 17:00:00,440.77,kWh,MTR-003
CLI-001,2026-06-25 18:00:00,528.53,kWh,MTR-001
CLI-002,2026-06-25 18:00:00,643.31,kWh,MTR-002
CLI-003,2026-06-25 18:00:00,472.78,kWh,MTR-003
CLI-001,2026-06-25 19:00:00,492.67,kWh,MTR-001
CLI-002,2026-06-25 19:00:00,639.86,kWh,MTR-002
CLI-003,2026-06-25 19:00:00,321.18,kWh,MTR-003
CLI-001,2026-06-25 20:00:00,520.94,kWh,MTR-001
CLI-002,2026-06-25 20:00:00,635.68,kWh,MTR-002
CLI-003,2026-06-25 20:00:00,328.68,kWh,MTR-003
CLI-001,2026-06-25 21:00:00,497.58,kWh,MTR-001
CLI-002,2026-06-25 21:00:00,640.79,kWh,MTR-002
CLI-003,2026-06-25 21:00:00,339.26,kWh,MTR-003
CLI-001,2026-06-25 22:00:00,68.71,kWh,MTR-001
CLI-002,2026-06-25 22:00:00,595.6,kWh,MTR-002
CLI-003,2026-06-25 22:00:00,424.83,kWh,MTR-003
CLI-001,2026-06-25 23:00:00,70.0,kWh,MTR-001
CLI-002,2026-06-25 23:00:00,587.11,kWh,MTR-002
CLI-003,2026-06-25 23:00:00,440.49,kWh,MTR-003
CLI-001,2026-06-26 00:00:00,69.82,kWh,MTR-001
CLI-002,2026-06-26 00:00:00,628.65,kWh,MTR-002
CLI-003,2026-06-26 00:00:00,436.76,kWh,MTR-003
CLI-001,2026-06-26 01:00:00,72.2,kWh,MTR-001
CLI-002,2026-06-26 01:00:00,604.66,kWh,MTR-002
CLI-003,2026-06-26 01:00:00,437.64,kWh,MTR-003
CLI-001,2026-06-26 02:00:00,75.18,kWh,MTR-001
CLI-002,2026-06-26 02:00:00,614.7,kWh,MTR-002
CLI-003,2026-06-26 02:00:00,430.31,kWh,MTR-003
CLI-001,2026-06-26 03:00:00,64.18,kWh,MTR-001
CLI-002,2026-06-26 03:00:00,610.79,kWh,MTR-002
CLI-003,2026-06-26 03:00:00,416.74,kWh,MTR-003
CLI-001,2026-06-26 04:00:00,76.13,kWh,MTR-001
CLI-002,2026-06-26 04:00:00,599.66,kWh,MTR-002
CLI-003,2026-06-26 04:00:00,412.2,kWh,MTR-003
CLI-001,2026-06-26 05:00:00,79.77,kWh,MTR-001
CLI-002,2026-06-26 05:00:00,580.08,kWh,MTR-002
CLI-003,2026-06-26 05:00:00,334.88,kWh,MTR-003
CLI-001,2026-06-26 06:00:00,549.78,kWh,MTR-001
CLI-002,2026-06-26 06:00:00,575.76,kWh,MTR-002
CLI-003,2026-06-26 06:00:00,338.62,kWh,MTR-003
CLI-001,2026-06-26 07:00:00,611.9,kWh,MTR-001
CLI-002,2026-06-26 07:00:00,633.12,kWh,MTR-002
CLI-003,2026-06-26 07:00:00,464.36,kWh,MTR-003
CLI-001,2026-06-26 08:00:00,548.79,kWh,MTR-001
CLI-002,2026-06-26 08:00:00,620.17,kWh,MTR-002
CLI-003,2026-06-26 08:00:00,453.72,kWh,MTR-003
CLI-001,2026-06-26 09:00:00,519.89,kWh,MTR-001
CLI-002,2026-06-26 09:00:00,536.86,kWh,MTR-002
CLI-003,2026-06-26 09:00:00,467.61,kWh,MTR-003
CLI-001,2026-06-26 10:00:00,531.49,kWh,MTR-001
CLI-002,2026-06-26 10:00:00,467.39,kWh,MTR-002
CLI-003,2026-06-26 10:00:00,477.99,kWh,MTR-003
CLI-001,2026-06-26 11:00:00,483.13,kWh,MTR-001
CLI-002,2026-06-26 11:00:00,480.4,kWh,MTR-002
CLI-003,2026-06-26 11:00:00,468.6,kWh,MTR-003
CLI-001,2026-06-26 12:00:00,524.52,kWh,MTR-001
CLI-002,2026-06-26 12:00:00,473.1,kWh,MTR-002
CLI-003,2026-06-26 12:00:00,497.96,kWh,MTR-003
CLI-001,2026-06-26 13:00:00,509.91,kWh,MTR-001
CLI-002,2026-06-26 13:00:00,454.28,kWh,MTR-002
CLI-003,2026-06-26 13:00:00,468.54,kWh,MTR-003
CLI-001,2026-06-26 14:00:00,493.62,kWh,MTR-001
CLI-002,2026-06-26 14:00:00,537.25,kWh,MTR-002
CLI-003,2026-06-26 14:00:00,498.4,kWh,MTR-003
CLI-001,2026-06-26 15:00:00,542.8,kWh,MTR-001
CLI-002,2026-06-26 15:00:00,583.32,kWh,MTR-002
CLI-003,2026-06-26 15:00:00,475.6,kWh,MTR-003
CLI-001,2026-06-26 16:00:00,491.02,kWh,MTR-001
CLI-002,2026-06-26 16:00:00,541.32,kWh,MTR-002
CLI-003,2026-06-26 16:00:00,486.03,kWh,MTR-003
CLI-001,2026-06-26 17:00:00,489.79,kWh,MTR-001
CLI-002,2026-06-26 17:00:00,661.0,kWh,MTR-002
CLI-003,2026-06-26 17:00:00,471.01,kWh,MTR-003
CLI-001,2026-06-26 18:00:00,503.7,kWh,MTR-001
CLI-002,2026-06-26 18:00:00,614.1,kWh,MTR-002
CLI-003,2026-06-26 18:00:00,483.44,kWh,MTR-003
CLI-001,2026-06-26 19:00:00,486.24,kWh,MTR-001
CLI-002,2026-06-26 19:00:00,579.22,kWh,MTR-002
CLI-003,2026-06-26 19:00:00,328.65,kWh,MTR-003
CLI-001,2026-06-26 20:00:00,495.03,kWh,MTR-001
CLI-002,2026-06-26 20:00:00,589.61,kWh,MTR-002
CLI-003,2026-06-26 20:00:00,341.11,kWh,MTR-003
CLI-001,2026-06-26 21:00:00,540.84,kWh,MTR-001
CLI-002,2026-06-26 21:00:00,606.78,kWh,MTR-002
CLI-003,2026-06-26 21:00:00,340.18,kWh,MTR-003
CLI-001,2026-06-26 22:00:00,65.47,kWh,MTR-001
CLI-002,2026-06-26 22:00:00,643.25,kWh,MTR-002
CLI-003,2026-06-26 22:00:00,425.54,kWh,MTR-003
CLI-001,2026-06-26 23:00:00,64.7,kWh,MTR-001
CLI-002,2026-06-26 23:00:00,586.49,kWh,MTR-002
CLI-003,2026-06-26 23:00:00,439.79,kWh,MTR-003
CLI-001,2026-06-27 00:00:00,63.68,kWh,MTR-001
CLI-002,2026-06-27 00:00:00,627.15,kWh,MTR-002
CLI-003,2026-06-27 00:00:00,440.76,kWh,MTR-003
CLI-001,2026-06-27 01:00:00,60.71,kWh,MTR-001
CLI-002,2026-06-27 01:00:00,606.68,kWh,MTR-002
CLI-003,2026-06-27 01:00:00,442.08,kWh,MTR-003
CLI-001,2026-06-27 02:00:00,70.79,kWh,MTR-001
CLI-002,2026-06-27 02:00:00,610.15,kWh,MTR-002
CLI-003,2026-06-27 02:00:00,407.13,kWh,MTR-003
CLI-001,2026-06-27 03:00:00,62.45,kWh,MTR-001
CLI-002,2026-06-27 03:00:00,626.24,kWh,MTR-002
CLI-003,2026-06-27 03:00:00,416.76,kWh,MTR-003
CLI-001,2026-06-27 04:00:00,74.85,kWh,MTR-001
CLI-002,2026-06-27 04:00:00,609.55,kWh,MTR-002
CLI-003,2026-06-27 04:00:00,432.25,kWh,MTR-003
CLI-001,2026-06-27 05:00:00,83.97,kWh,MTR-001
CLI-002,2026-06-27 05:00:00,578.72,kWh,MTR-002
CLI-003,2026-06-27 05:00:00,330.65,kWh,MTR-003
CLI-001,2026-06-27 06:00:00,548.08,kWh,MTR-001
CLI-002,2026-06-27 06:00:00,618.42,kWh,MTR-002
CLI-003,2026-06-27 06:00:00,335.68,kWh,MTR-003
CLI-001,2026-06-27 07:00:00,598.71,kWh,MTR-001
CLI-002,2026-06-27 07:00:00,645.9,kWh,MTR-002
CLI-003,2026-06-27 07:00:00,331.52,kWh,MTR-003
CLI-001,2026-06-27 08:00:00,538.71,kWh,MTR-001
CLI-002,2026-06-27 08:00:00,566.96,kWh,MTR-002
CLI-003,2026-06-27 08:00:00,356.27,kWh,MTR-003
CLI-001,2026-06-27 09:00:00,505.21,kWh,MTR-001
CLI-002,2026-06-27 09:00:00,456.9,kWh,MTR-002
CLI-003,2026-06-27 09:00:00,338.98,kWh,MTR-003
CLI-001,2026-06-27 10:00:00,494.2,kWh,MTR-001
CLI-002,2026-06-27 10:00:00,447.04,kWh,MTR-002
CLI-003,2026-06-27 10:00:00,358.78,kWh,MTR-003
CLI-001,2026-06-27 11:00:00,519.06,kWh,MTR-001
CLI-002,2026-06-27 11:00:00,395.02,kWh,MTR-002
CLI-003,2026-06-27 11:00:00,353.41,kWh,MTR-003
CLI-001,2026-06-27 12:00:00,493.38,kWh,MTR-001
CLI-002,2026-06-27 12:00:00,448.35,kWh,MTR-002
CLI-003,2026-06-27 12:00:00,349.39,kWh,MTR-003
CLI-001,2026-06-27 13:00:00,500.59,kWh,MTR-001
CLI-002,2026-06-27 13:00:00,493.82,kWh,MTR-002
CLI-003,2026-06-27 13:00:00,355.65,kWh,MTR-003
CLI-001,2026-06-27 14:00:00,548.56,kWh,MTR-001
CLI-002,2026-06-27 14:00:00,533.26,kWh,MTR-002
CLI-003,2026-06-27 14:00:00,320.83,kWh,MTR-003
CLI-001,2026-06-27 15:00:00,548.5,kWh,MTR-001
CLI-002,2026-06-27 15:00:00,489.8,kWh,MTR-002
CLI-003,2026-06-27 15:00:00,358.93,kWh,MTR-003
CLI-001,2026-06-27 16:00:00,539.55,kWh,MTR-001
CLI-002,2026-06-27 16:00:00,619.69,kWh,MTR-002
CLI-003,2026-06-27 16:00:00,347.15,kWh,MTR-003
CLI-001,2026-06-27 17:00:00,515.94,kWh,MTR-001
CLI-002,2026-06-27 17:00:00,658.41,kWh,MTR-002
CLI-003,2026-06-27 17:00:00,335.64,kWh,MTR-003
CLI-001,2026-06-27 18:00:00,559.52,kWh,MTR-001
CLI-002,2026-06-27 18:00:00,577.88,kWh,MTR-002
CLI-003,2026-06-27 18:00:00,333.73,kWh,MTR-003
CLI-001,2026-06-27 19:00:00,514.68,kWh,MTR-001
CLI-002,2026-06-27 19:00:00,642.77,kWh,MTR-002
CLI-003,2026-06-27 19:00:00,331.54,kWh,MTR-003
CLI-001,2026-06-27 20:00:00,519.91,kWh,MTR-001
CLI-002,2026-06-27 20:00:00,607.64,kWh,MTR-002
CLI-003,2026-06-27 20:00:00,358.67,kWh,MTR-003
CLI-001,2026-06-27 21:00:00,533.15,kWh,MTR-001
CLI-002,2026-06-27 21:00:00,595.18,kWh,MTR-002
CLI-003,2026-06-27 21:00:00,320.62,kWh,MTR-003
CLI-001,2026-06-27 22:00:00,67.08,kWh,MTR-001
CLI-002,2026-06-27 22:00:00,578.72,kWh,MTR-002
CLI-003,2026-06-27 22:00:00,422.21,kWh,MTR-003
CLI-001,2026-06-27 23:00:00,60.02,kWh,MTR-001
CLI-002,2026-06-27 23:00:00,599.52,kWh,MTR-002
CLI-003,2026-06-27 23:00:00,439.36,kWh,MTR-003
CLI-001,2026-06-28 00:00:00,45.38,kWh,MTR-001
CLI-002,2026-06-28 00:00:00,581.02,kWh,MTR-002
CLI-003,2026-06-28 00:00:00,444.84,kWh,MTR-003
CLI-001,2026-06-28 01:00:00,41.7,kWh,MTR-001
CLI-002,2026-06-28 01:00:00,590.32,kWh,MTR-002
CLI-003,2026-06-28 01:00:00,419.19,kWh,MTR-003
CLI-001,2026-06-28 02:00:00,42.74,kWh,MTR-001
CLI-002,2026-06-28 02:00:00,642.68,kWh,MTR-002
CLI-003,2026-06-28 02:00:00,415.45,kWh,MTR-003
CLI-001,2026-06-28 03:00:00,36.21,kWh,MTR-001
CLI-002,2026-06-28 03:00:00,622.52,kWh,MTR-002
CLI-003,2026-06-28 03:00:00,428.13,kWh,MTR-003
CLI-001,2026-06-28 04:00:00,33.99,kWh,MTR-001
CLI-002,2026-06-28 04:00:00,613.8,kWh,MTR-002
CLI-003,2026-06-28 04:00:00,408.42,kWh,MTR-003
CLI-001,2026-06-28 05:00:00,42.57,kWh,MTR-001
CLI-002,2026-06-28 05:00:00,601.32,kWh,MTR-002
CLI-003,2026-06-28 05:00:00,337.48,kWh,MTR-003
CLI-001,2026-06-28 06:00:00,38.84,kWh,MTR-001
CLI-002,2026-06-28 06:00:00,640.44,kWh,MTR-002
CLI-003,2026-06-28 06:00:00,338.74,kWh,MTR-003
CLI-001,2026-06-28 07:00:00,38.41,kWh,MTR-001
CLI-002,2026-06-28 07:00:00,624.82,kWh,MTR-002
CLI-003,2026-06-28 07:00:00,350.23,kWh,MTR-003
CLI-001,2026-06-28 08:00:00,36.05,kWh,MTR-001
CLI-002,2026-06-28 08:00:00,602.66,kWh,MTR-002
CLI-003,2026-06-28 08:00:00,331.73,kWh,MTR-003
CLI-001,2026-06-28 09:00:00,37.85,kWh,MTR-001
CLI-002,2026-06-28 09:00:00,478.04,kWh,MTR-002
CLI-003,2026-06-28 09:00:00,322.17,kWh,MTR-003
CLI-001,2026-06-28 10:00:00,46.6,kWh,MTR-001
CLI-002,2026-06-28 10:00:00,502.19,kWh,MTR-002
CLI-003,2026-06-28 10:00:00,333.25,kWh,MTR-003
CLI-001,2026-06-28 11:00:00,44.81,kWh,MTR-001
CLI-002,2026-06-28 11:00:00,510.42,kWh,MTR-002
CLI-003,2026-06-28 11:00:00,349.62,kWh,MTR-003
CLI-001,2026-06-28 12:00:00,34.47,kWh,MTR-001
CLI-002,2026-06-28 12:00:00,486.55,kWh,MTR-002
CLI-003,2026-06-28 12:00:00,320.26,kWh,MTR-003
CLI-001,2026-06-28 13:00:00,43.76,kWh,MTR-001
CLI-002,2026-06-28 13:00:00,394.99,kWh,MTR-002
CLI-003,2026-06-28 13:00:00,328.17,kWh,MTR-003
CLI-001,2026-06-28 14:00:00,46.65,kWh,MTR-001
CLI-002,2026-06-28 14:00:00,484.43,kWh,MTR-002
CLI-003,2026-06-28 14:00:00,352.81,kWh,MTR-003
CLI-001,2026-06-28 15:00:00,40.93,kWh,MTR-001
CLI-002,2026-06-28 15:00:00,511.86,kWh,MTR-002
CLI-003,2026-06-28 15:00:00,345.45,kWh,MTR-003
CLI-001,2026-06-28 16:00:00,46.37,kWh,MTR-001
CLI-002,2026-06-28 16:00:00,543.86,kWh,MTR-002
CLI-003,2026-06-28 16:00:00,331.6,kWh,MTR-003
CLI-001,2026-06-28 17:00:00,49.18,kWh,MTR-001
CLI-002,2026-06-28 17:00:00,665.22,kWh,MTR-002
CLI-003,2026-06-28 17:00:00,336.68,kWh,MTR-003
CLI-001,2026-06-28 18:00:00,30.56,kWh,MTR-001
CLI-002,2026-06-28 18:00:00,614.49,kWh,MTR-002
CLI-003,2026-06-28 18:00:00,332.11,kWh,MTR-003
CLI-001,2026-06-28 19:00:00,47.86,kWh,MTR-001
CLI-002,2026-06-28 19:00:00,577.98,kWh,MTR-002
CLI-003,2026-06-28 19:00:00,358.51,kWh,MTR-003
CLI-001,2026-06-28 20:00:00,44.46,kWh,MTR-001
CLI-002,2026-06-28 20:00:00,643.72,kWh,MTR-002
CLI-003,2026-06-28 20:00:00,354.23,kWh,MTR-003
CLI-001,2026-06-28 21:00:00,36.98,kWh,MTR-001
CLI-002,2026-06-28 21:00:00,602.34,kWh,MTR-002
CLI-003,2026-06-28 21:00:00,346.24,kWh,MTR-003
CLI-001,2026-06-28 22:00:00,44.38,kWh,MTR-001
CLI-002,2026-06-28 22:00:00,625.06,kWh,MTR-002
CLI-003,2026-06-28 22:00:00,416.13,kWh,MTR-003
CLI-001,2026-06-28 23:00:00,36.06,kWh,MTR-001
CLI-002,2026-06-28 23:00:00,639.13,kWh,MTR-002
CLI-003,2026-06-28 23:00:00,420.06,kWh,MTR-003
CLI-001,2026-06-29 00:00:00,76.47,kWh,MTR-001
CLI-002,2026-06-29 00:00:00,639.92,kWh,MTR-002
CLI-003,2026-06-29 00:00:00,426.02,kWh,MTR-003
CLI-001,2026-06-29 01:00:00,68.1,kWh,MTR-001
CLI-002,2026-06-29 01:00:00,599.37,kWh,MTR-002
CLI-003,2026-06-29 01:00:00,421.15,kWh,MTR-003
CLI-001,2026-06-29 02:00:00,81.3,kWh,MTR-001
CLI-002,2026-06-29 02:00:00,581.76,kWh,MTR-002
CLI-003,2026-06-29 02:00:00,442.37,kWh,MTR-003
CLI-001,2026-06-29 03:00:00,79.0,kWh,MTR-001
CLI-002,2026-06-29 03:00:00,631.6,kWh,MTR-002
CLI-003,2026-06-29 03:00:00,414.46,kWh,MTR-003
CLI-001,2026-06-29 04:00:00,64.35,kWh,MTR-001
CLI-002,2026-06-29 04:00:00,627.91,kWh,MTR-002
CLI-003,2026-06-29 04:00:00,407.57,kWh,MTR-003
CLI-001,2026-06-29 05:00:00,62.86,kWh,MTR-001
CLI-002,2026-06-29 05:00:00,580.1,kWh,MTR-002
CLI-003,2026-06-29 05:00:00,344.26,kWh,MTR-003
CLI-001,2026-06-29 06:00:00,613.88,kWh,MTR-001
CLI-002,2026-06-29 06:00:00,623.91,kWh,MTR-002
CLI-003,2026-06-29 06:00:00,359.55,kWh,MTR-003
CLI-001,2026-06-29 07:00:00,555.98,kWh,MTR-001
CLI-002,2026-06-29 07:00:00,634.33,kWh,MTR-002
CLI-003,2026-06-29 07:00:00,491.81,kWh,MTR-003
CLI-001,2026-06-29 08:00:00,526.57,kWh,MTR-001
CLI-002,2026-06-29 08:00:00,618.86,kWh,MTR-002
CLI-003,2026-06-29 08:00:00,461.62,kWh,MTR-003
CLI-001,2026-06-29 09:00:00,485.76,kWh,MTR-001
CLI-002,2026-06-29 09:00:00,512.0,kWh,MTR-002
CLI-003,2026-06-29 09:00:00,485.41,kWh,MTR-003
CLI-001,2026-06-29 10:00:00,508.17,kWh,MTR-001
CLI-002,2026-06-29 10:00:00,505.92,kWh,MTR-002
CLI-003,2026-06-29 10:00:00,452.17,kWh,MTR-003
CLI-001,2026-06-29 11:00:00,542.59,kWh,MTR-001
CLI-002,2026-06-29 11:00:00,461.64,kWh,MTR-002
CLI-003,2026-06-29 11:00:00,472.18,kWh,MTR-003
CLI-001,2026-06-29 12:00:00,500.11,kWh,MTR-001
CLI-002,2026-06-29 12:00:00,390.26,kWh,MTR-002
CLI-003,2026-06-29 12:00:00,483.61,kWh,MTR-003
CLI-001,2026-06-29 13:00:00,520.0,kWh,MTR-001
CLI-002,2026-06-29 13:00:00,388.27,kWh,MTR-002
CLI-003,2026-06-29 13:00:00,479.59,kWh,MTR-003
CLI-001,2026-06-29 14:00:00,507.04,kWh,MTR-001
CLI-002,2026-06-29 14:00:00,430.93,kWh,MTR-002
CLI-003,2026-06-29 14:00:00,492.08,kWh,MTR-003
CLI-001,2026-06-29 15:00:00,550.26,kWh,MTR-001
CLI-002,2026-06-29 15:00:00,472.46,kWh,MTR-002
CLI-003,2026-06-29 15:00:00,466.68,kWh,MTR-003
CLI-001,2026-06-29 16:00:00,555.99,kWh,MTR-001
CLI-002,2026-06-29 16:00:00,612.63,kWh,MTR-002
CLI-003,2026-06-29 16:00:00,447.07,kWh,MTR-003
CLI-001,2026-06-29 17:00:00,520.61,kWh,MTR-001
CLI-002,2026-06-29 17:00:00,656.75,kWh,MTR-002
CLI-003,2026-06-29 17:00:00,437.52,kWh,MTR-003
CLI-001,2026-06-29 18:00:00,544.91,kWh,MTR-001
CLI-002,2026-06-29 18:00:00,635.22,kWh,MTR-002
CLI-003,2026-06-29 18:00:00,481.09,kWh,MTR-003
CLI-001,2026-06-29 19:00:00,541.25,kWh,MTR-001
CLI-002,2026-06-29 19:00:00,605.08,kWh,MTR-002
CLI-003,2026-06-29 19:00:00,325.51,kWh,MTR-003
CLI-001,2026-06-29 20:00:00,551.77,kWh,MTR-001
CLI-002,2026-06-29 20:00:00,600.74,kWh,MTR-002
CLI-003,2026-06-29 20:00:00,337.46,kWh,MTR-003
CLI-001,2026-06-29 21:00:00,498.56,kWh,MTR-001
CLI-002,2026-06-29 21:00:00,590.9,kWh,MTR-002
CLI-003,2026-06-29 21:00:00,355.53,kWh,MTR-003
CLI-001,2026-06-29 22:00:00,74.2,kWh,MTR-001
CLI-002,2026-06-29 22:00:00,576.04,kWh,MTR-002
CLI-003,2026-06-29 22:00:00,437.5,kWh,MTR-003
CLI-001,2026-06-29 23:00:00,63.17,kWh,MTR-001
CLI-002,2026-06-29 23:00:00,578.06,kWh,MTR-002
CLI-003,2026-06-29 23:00:00,431.21,kWh,MTR-003
CLI-001,2026-06-30 00:00:00,67.31,kWh,MTR-001
CLI-002,2026-06-30 00:00:00,608.51,kWh,MTR-002
CLI-003,2026-06-30 00:00:00,408.07,kWh,MTR-003
CLI-001,2026-06-30 01:00:00,73.59,kWh,MTR-001
CLI-002,2026-06-30 01:00:00,626.47,kWh,MTR-002
CLI-003,2026-06-30 01:00:00,441.6,kWh,MTR-003
CLI-001,2026-06-30 02:00:00,77.83,kWh,MTR-001
CLI-002,2026-06-30 02:00:00,629.61,kWh,MTR-002
CLI-003,2026-06-30 02:00:00,431.15,kWh,MTR-003
CLI-001,2026-06-30 03:00:00,66.69,kWh,MTR-001
CLI-002,2026-06-30 03:00:00,610.24,kWh,MTR-002
CLI-003,2026-06-30 03:00:00,441.02,kWh,MTR-003
CLI-001,2026-06-30 04:00:00,75.55,kWh,MTR-001
CLI-002,2026-06-30 04:00:00,589.25,kWh,MTR-002
CLI-003,2026-06-30 04:00:00,444.04,kWh,MTR-003
CLI-001,2026-06-30 05:00:00,78.55,kWh,MTR-001
CLI-002,2026-06-30 05:00:00,601.07,kWh,MTR-002
CLI-003,2026-06-30 05:00:00,325.68,kWh,MTR-003
CLI-001,2026-06-30 06:00:00,595.87,kWh,MTR-001
CLI-002,2026-06-30 06:00:00,606.76,kWh,MTR-002
CLI-003,2026-06-30 06:00:00,339.96,kWh,MTR-003
CLI-001,2026-06-30 07:00:00,562.24,kWh,MTR-001
CLI-002,2026-06-30 07:00:00,670.36,kWh,MTR-002
CLI-003,2026-06-30 07:00:00,480.7,kWh,MTR-003
CLI-001,2026-06-30 08:00:00,483.55,kWh,MTR-001
CLI-002,2026-06-30 08:00:00,544.72,kWh,MTR-002
CLI-003,2026-06-30 08:00:00,467.1,kWh,MTR-003
CLI-001,2026-06-30 09:00:00,528.7,kWh,MTR-001
CLI-002,2026-06-30 09:00:00,531.82,kWh,MTR-002
CLI-003,2026-06-30 09:00:00,475.52,kWh,MTR-003
CLI-001,2026-06-30 10:00:00,514.73,kWh,MTR-001
CLI-002,2026-06-30 10:00:00,458.5,kWh,MTR-002
CLI-003,2026-06-30 10:00:00,472.16,kWh,MTR-003
CLI-001,2026-06-30 11:00:00,548.68,kWh,MTR-001
CLI-002,2026-06-30 11:00:00,446.97,kWh,MTR-002
CLI-003,2026-06-30 11:00:00,452.94,kWh,MTR-003
CLI-001,2026-06-30 12:00:00,553.97,kWh,MTR-001
CLI-002,2026-06-30 12:00:00,394.14,kWh,MTR-002
CLI-003,2026-06-30 12:00:00,461.28,kWh,MTR-003
CLI-001,2026-06-30 13:00:00,511.57,kWh,MTR-001
CLI-002,2026-06-30 13:00:00,438.02,kWh,MTR-002
CLI-003,2026-06-30 13:00:00,463.05,kWh,MTR-003
CLI-001,2026-06-30 14:00:00,505.68,kWh,MTR-001
CLI-002,2026-06-30 14:00:00,460.67,kWh,MTR-002
CLI-003,2026-06-30 14:00:00,488.04,kWh,MTR-003
CLI-001,2026-06-30 15:00:00,497.43,kWh,MTR-001
CLI-002,2026-06-30 15:00:00,576.62,kWh,MTR-002
CLI-003,2026-06-30 15:00:00,442.96,kWh,MTR-003
CLI-001,2026-06-30 16:00:00,502.09,kWh,MTR-001
CLI-002,2026-06-30 16:00:00,532.76,kWh,MTR-002
CLI-003,2026-06-30 16:00:00,440.42,kWh,MTR-003
CLI-001,2026-06-30 17:00:00,534.76,kWh,MTR-001
CLI-002,2026-06-30 17:00:00,670.09,kWh,MTR-002
CLI-003,2026-06-30 17:00:00,471.35,kWh,MTR-003
CLI-001,2026-06-30 18:00:00,534.27,kWh,MTR-001
CLI-002,2026-06-30 18:00:00,599.73,kWh,MTR-002
CLI-003,2026-06-30 18:00:00,469.52,kWh,MTR-003
CLI-001,2026-06-30 19:00:00,515.51,kWh,MTR-001
CLI-002,2026-06-30 19:00:00,591.59,kWh,MTR-002
CLI-003,2026-06-30 19:00:00,334.85,kWh,MTR-003
CLI-001,2026-06-30 20:00:00,513.28,kWh,MTR-001
CLI-002,2026-06-30 20:00:00,636.31,kWh,MTR-002
CLI-003,2026-06-30 20:00:00,333.06,kWh,MTR-003
CLI-001,2026-06-30 21:00:00,506.8,kWh,MTR-001
CLI-002,2026-06-30 21:00:00,620.64,kWh,MTR-002
CLI-003,2026-06-30 21:00:00,358.94,kWh,MTR-003
CLI-001,2026-06-30 22:00:00,64.01,kWh,MTR-001
CLI-002,2026-06-30 22:00:00,640.12,kWh,MTR-002
CLI-003,2026-06-30 22:00:00,406.02,kWh,MTR-003
CLI-001,2026-06-30 23:00:00,80.2,kWh,MTR-001
CLI-002,2026-06-30 23:00:00,629.66,kWh,MTR-002
CLI-003,2026-06-30 23:00:00,428.26,kWh,MTR-003
